GEOID,ch_1mi,ch_range
1001,2.590323334,1471.736138
1003,2.350933854,238.0996706
1005,0,1498.37493
1007,0.803968892,1219.911147
1009,0,1858.339122
1011,0,1553.066745
1013,0.937696441,450.4800264
1015,0.747900703,1731.220041
1017,0.472282885,1611.742065
1019,0,2070.640599
1021,0.289510046,1473.241557
1023,0,310.3344571
1025,0,333.9754462
1027,0,1620.961611
1029,0.298889781,1763.517456
1031,0.622765037,434.4862744
1033,0.542860782,674.2870608
1035,0,337.9174237
1037,0.246260284,1591.953067
1039,0.313591762,359.576639
1041,0.115940981,824.6728627
1043,1.497510349,1844.108813
1045,0.162010833,580.1884243
1047,0,604.2721297
1049,0,2056.385706
1051,0.964318132,1523.334458
1053,0,297.7463494
1055,0.882906124,1945.63176
1057,0,551.8850421
1059,0,676.3754709
1061,0,362.7610962
1063,0,302.6128208
1065,0,366.246035
1067,0,1087.694037
1069,2.370455473,388.7252348
1071,0.235583889,2038.691915
1073,6.67389446,1472.399394
1075,0,404.8221452
1077,2.044298482,683.1519651
1079,0,1474.804908
1081,3.731520057,1597.414356
1083,1.503038557,1695.232829
1085,0,1068.376711
1087,0,1562.36584
1089,6.028926856,1833.625055
1091,0,355.3836869
1093,0,660.2401905
1095,0.830523108,1941.186421
1097,8.046302089,245.6973817
1099,0,323.1924212
1101,5.960123824,1413.822425
1103,1.508973457,1754.167454
1105,0,463.273616
1107,0,286.0247893
1109,0,1269.370139
1111,0,1629.045311
1113,7.036711657,1565.365114
1115,0.035477741,1722.250368
1117,1.444335567,1463.850358
1119,0,286.3473601
1121,0.402310453,1605.361859
1123,1.0823733,1601.722077
1125,3.824987791,365.2562268
1127,0.277248362,1523.558509
1129,0,327.6545666
1131,0,347.0385709
1133,0,1265.630862
2013,0,0
2016,0,0
2020,5.682022664,30.1478243
2050,0,0
2060,0,0
2063,0.238337182,0
2066,0,0
2068,0,21.87769784
2070,0,0
2090,0.357584683,5.396120055
2100,0,16
2105,0,16
2110,5.049908097,16
2122,1.093149008,25.82897176
2130,0,0
2150,0,3.110289173
2158,0,0
2164,0,0
2170,0.825344635,31.74724292
2180,0,0
2185,0,0
2188,0,0
2195,0,15.20317267
2198,0,2.61517829
2220,0,16
2230,0,16
2240,0,3.229633917
2275,0,14.71992032
2282,0,0
2290,0,1.457492931
4001,0,366.5066096
4003,1.185974597,354.8063144
4005,13.44667285,660.9876559
4007,0.594528842,819.8458938
4009,0.516551796,751.0128185
4011,0,706.068991
4012,0.841502258,1352.854386
4013,38.31993966,829.9952842
4015,1.791533569,919.0229054
4017,0.376871526,652.4855674
4019,11.62057091,733.3946312
4021,1.762829035,812.2593423
4023,0,654.4973387
4025,3.310590544,803.1212758
4027,2.127711378,1670.883297
5001,0,213.4980012
5003,0,182.38485
5005,0,352.6901111
5007,10.34400205,387.8876568
5009,0,374.9201066
5011,0,184.8448866
5013,0,178.7583333
5015,1.080500321,402.2067565
5017,0,208.9712451
5019,0.516807663,200.3472092
5021,0,418.692794
5023,0.597614013,311.7132027
5025,0,192.9315391
5027,0,138.6882727
5029,0,311.2447954
5031,1.252280415,243.9526132
5033,0.512468709,395.387639
5035,2.424505488,203.6078626
5037,0.674710425,219.7739503
5039,0,185.2779027
5041,0,204.8192061
5043,0,196.5073099
5045,4.409543269,278.0334615
5047,0.198594321,362.545291
5049,0,415.3532233
5051,3.127964621,214.2464384
5053,0,242.4122552
5055,1.270770184,287.648959
5057,0.368379811,197.3413229
5059,0,236.3694419
5061,0,399.2323811
5063,0,306.0566982
5065,0,342.8807002
5067,0.426780222,305.025964
5069,1.114704285,181.2240359
5071,0.507837583,349.7036449
5073,0,258.6716706
5075,0,330.3999152
5077,0,208.2580609
5079,0,194.4716825
5081,0,713.4345889
5083,0,354.7842638
5085,0.188428577,259.2173776
5087,0,376.0929665
5089,0,360.6531412
5091,0.89959784,551.8860853
5093,0.080829066,309.4667118
5095,0.449193197,213.5782817
5097,0,303.3985944
5099,0,171.5751
5101,0,376.2450664
5103,0.252701615,147.805738
5105,0,312.2660027
5107,0.588948267,207.6053661
5109,0,258.3226619
5111,0.128142502,230.3965975
5113,0,501.0031002
5115,1.114507399,340.433423
5117,0,255.1667486
5119,11.83556699,238.5278291
5121,0.56016505,434.221423
5123,0.702751501,199.2025356
5125,0.649863625,244.8131416
5127,0,379.606096
5129,0,356.4951887
5131,0.703117412,376.6640401
5133,0,778.8777955
5135,0,356.3726549
5137,0,328.4887935
5139,1.097853616,152.732559
5141,0,325.8598142
5143,6.848499987,369.4574425
5145,0,281.8424135
5147,0,265.3711595
5149,0.024364061,346.5872579
6001,144.3626479,6394.088778
6003,0,6439
6005,1.487712375,6555.84604
6007,9.564411849,5346.077499
6009,0.313061884,6552.963428
6011,1.433902564,6167.295426
6013,56.2002199,6424.219201
6015,4.103351148,267.7361332
6017,14.8514014,6447.522178
6019,75.02986354,5765.624561
6021,1.006414825,5922.216999
6023,10.65167045,382.8401849
6025,1.093615018,3818.263307
6027,1.517624094,1265.822699
6029,16.69855276,6627.974124
6031,7.793990337,5644.385916
6033,0.520271952,6076.103569
6035,0.596503268,1327.919641
6037,211.4803156,7166.70451
6039,7.699137406,6475.492654
6041,77.27411242,6067.9696
6043,1.187597436,6620.709048
6045,8.264745724,5248.073952
6047,4.844289102,6695.103062
6049,0.840054219,378.861064
6051,2.913650573,3762.844182
6053,27.45959716,6389.585267
6055,48.18939613,6257.275958
6057,7.890038927,5714.572216
6059,225.225237,7067.394653
6061,36.681551,6390.433939
6063,0.526480577,2639.466621
6065,31.69602693,6943.135945
6067,64.30656173,6485.625594
6069,7.944871399,6561.265813
6071,34.1709103,7065.207004
6073,82.03667662,6792.45756
6075,299.9412678,6136.647848
6077,13.19751602,6575.924996
6079,20.70277187,5023.324766
6081,321.4339956,6296.335067
6083,33.4561773,5712.782259
6085,364.3144417,6427.230987
6087,28.24721602,6408.890541
6089,5.187418766,1501.150876
6091,0,4583.534161
6093,2.318204798,329.9669087
6095,33.47620901,6443.328546
6097,37.0273993,6037.624163
6099,7.302547438,6630.800617
6101,7.279281524,6114.866542
6103,3.013572052,3139.031507
6105,0.098875688,1066.98485
6107,5.116073757,4730.828835
6109,4.382939036,6572.504885
6111,32.53083909,7231.395741
6113,61.48751223,6409.170272
6115,4.882565399,6107.590849
8001,37.36543531,1410.853626
8003,3.05429332,1090.26899
8005,51.43407182,1413.085852
8007,0.831468943,579.932514
8009,0,132.4761905
8011,0,995.041219
8013,83.70372549,1407.536038
8014,67.00823685,1412.519599
8015,5.332482355,1510.035691
8017,0,1142.284642
8019,1.75558586,1467.294556
8021,0,674.3907749
8023,0,950.6905512
8025,0,1229.714635
8027,0.276867031,1530.129933
8029,0.770888874,996.9961311
8031,131.8476374,1412.751312
8033,0,353.2552743
8035,21.07164517,1420.867227
8037,13.48588064,1484.45373
8039,0,1412.189706
8041,14.74331984,1411.432865
8043,0.489198533,1466.294479
8045,6.742404161,1442.350877
8047,1.826457105,1466.429437
8049,2.725218847,1458.286946
8051,2.51521701,1520.008996
8053,0,969
8055,0.468015955,1284.807062
8057,0,1437.853343
8059,50.2438359,1417.303728
8061,0,1076.679426
8063,0.09922716,1143.042368
8065,2.528616953,1508.12441
8067,8.669688981,387.2122448
8069,30.97716555,1399.348636
8071,1.400055854,474.6036445
8073,0.111626248,1315.677425
8075,0,1171.234808
8077,14.96100339,441.3656398
8079,0,1296
8081,3.799239544,1370.363878
8083,0.729422067,273.8952258
8085,4.187133396,644.0464522
8087,0.664709788,1312.886187
8089,1.875246117,1105.209254
8091,1.126584867,590.6484663
8093,0.529299537,1489.561134
8095,0,1099.690306
8097,17.89015573,1515.695495
8099,0,531.0331533
8101,9.087311543,1382.540433
8103,0.846600722,1353.720364
8105,0.714247788,1320.228938
8107,9.345222578,1423.796579
8109,0,1444.833135
8111,1,545
8113,3.744512947,413.3276202
8115,0,1044.500434
8117,18.96684562,1476.459411
8119,1.743044714,1455.277771
8121,1.175189977,1245.076812
8123,6.649867307,1400.462321
8125,0,1156.682413
9001,20.32897599,5907.442719
9003,20.22683217,5677.838314
9005,2.32512987,6050.209172
9007,9.060230303,5726.823039
9009,18.59547195,5938.834115
9011,8.296273813,5463.601646
9013,5.49822123,5635.374251
9015,2.697952116,5557.309163
10001,3.669435698,4505.361822
10003,18.26220209,4571.543467
10005,4.692936777,3913.689905
11001,284.0761367,3395.387011
12001,23.9819511,1422.34178
12003,0,1375.433488
12005,2.560191253,267.8538395
12007,0.07614616,1440.341233
12009,6.447931906,1952.136119
12011,35.71819101,1108.787813
12013,0,317.3515778
12015,1.847799662,2058.846143
12017,2.748982682,1477.616299
12019,2.37941141,1345.830135
12021,8.258632643,1847.807481
12023,2.309218878,1357.024373
12027,1.161649407,2096.933157
12029,0,1429.844564
12031,16.8357436,1127.238847
12033,2.417949989,189.9188547
12035,2.395608485,1376.95908
12037,1.577136142,300.8498405
12039,0,367.5707515
12041,0,1447.180214
12043,0,2083.042462
12045,0,259.911232
12047,0,1057.766479
12049,0,2136.627743
12051,1.516203704,2065.11521
12053,0.434257997,1475.063891
12055,4.200843422,2117.800754
12057,22.26845892,1430.70727
12059,0,304.4034306
12061,1.831413573,2079.949046
12063,0.33885971,322.1863992
12065,1.063734417,573.0617033
12067,0,1365.360658
12069,5.327484099,1509.109543
12071,5.640298981,2024.752791
12073,15.35314514,411.433097
12075,0.286439396,1458.05864
12077,0,330.7196688
12079,0,806.8212534
12081,13.98559339,1456.268041
12083,1.135437661,1467.271333
12085,3.964511906,1990.949707
12086,61.77084436,1016.639849
12087,7.233453558,866.3172339
12089,3.253037476,1049.108929
12091,4.438027286,254.7761221
12093,2.668669342,2077.258393
12095,41.44005535,1579.607531
12097,23.05268021,1731.957252
12099,21.94541505,1583.106346
12101,6.487194495,1457.868024
12103,31.02204359,1322.748875
12105,4.526109659,1735.901195
12107,0.313577469,1443.600117
12109,5.457425316,1298.901633
12111,6.235521043,2054.125289
12113,0.89652369,221.3980522
12115,18.9495542,1732.356426
12117,21.01998307,1547.84287
12119,2.936923764,1486.650803
12121,0.250327388,1294.541996
12123,3.063245658,1232.636925
12125,0,1438.253435
12127,8.031134924,1456.5754
12129,1.127864861,469.9618627
12131,2.73899703,279.0277555
12133,0.324220929,296.1062804
13001,0,948.929835
13003,0,696.01119
13005,0,748.990754
13007,0,1226.560841
13009,2.351482073,1803.641374
13011,1.216296296,2219.418413
13013,1.371921667,1927.145054
13015,1.823842714,2069.901819
13017,0,1709.250044
13019,0,767.3749349
13021,6.387626939,1659.499418
13023,0.652913753,1774.938073
13025,0,696.7088882
13027,0.751029071,592.9375482
13029,2.203100128,583.4610266
13031,2.268042564,862.8699674
13033,0,2059.01644
13035,0,1788.221314
13037,0,1407.038248
13039,2.657653818,984.2583024
13043,1.326103009,1765.435573
13045,2.795369528,1718.590663
13047,1.568523839,2176.274185
13049,0,995.0527931
13051,12.58377899,521.3586444
13053,9.080324737,1579.014327
13055,0,2164.597478
13057,7.594558279,1960.558886
13059,13.71759405,1989.727881
13061,0,1467.205732
13063,28.6494123,1772.58705
13065,0.32521059,705.7645909
13067,34.59051507,1902.917935
13069,0,803.7271651
13071,0,687.7127005
13073,5.080275125,2115.863338
13075,0,659.1863275
13077,5.346285973,1703.821735
13079,0,1679.579033
13081,2.913145853,1699.240259
13083,1.460174257,2098.219613
13085,1.180401155,1996.6913
13087,0,400.8421884
13089,81.17564979,1893.634495
13091,0,1771.620893
13093,0,1679.605188
13095,3.931214485,1340.833533
13097,8.356196963,1824.165742
13099,0,988.0611666
13101,0,863.8040061
13103,0.33527739,586.814672
13105,0.944687957,2258.284857
13107,0,1893.418513
13109,0,773.7283291
13111,0.757374889,2232.688956
13113,8.3590062,1739.45703
13115,2.273268238,2118.766495
13117,8.24551045,1933.967072
13119,0.705800565,2207.951684
13121,141.2431344,1873.514791
13123,0.623313755,2236.674982
13125,0,2166.41756
13127,13.68740589,605.6603614
13129,0.579835861,2222.509904
13131,0,528.8366339
13133,1.263308625,2070.451539
13135,18.27786497,1898.299385
13137,2.544796921,2196.055438
13139,5.323172851,1945.629328
13141,0,1944.884588
13143,0.72257498,1816.919042
13145,0.18015342,1648.358951
13147,0.155729187,2194.98268
13149,0,1651.293424
13151,5.208779359,1787.486061
13153,4.421801863,1637.088561
13155,0,1643.567651
13157,1.16322534,2028.446493
13159,0,1904.513713
13161,0,1653.962491
13163,0,2015.568339
13165,0,2013.658814
13167,0,1886.593393
13169,1.160645657,1814.803682
13171,0,1718.344536
13173,0,650.5960699
13175,1.952514556,1835.973209
13177,2.964116361,1605.213082
13179,1.617547027,596.696723
13181,0,2273.266364
13183,0,624.7311811
13185,5.065392147,571.1815332
13187,2.346117725,2024.097822
13189,1.492384601,2181.781676
13191,0.635788141,598.3784905
13193,0,1611.583581
13195,0,2198.269342
13197,0,1597.702012
13199,0,1673.707448
13201,0,776.149869
13205,0,893.2838891
13207,2.007138955,1762.1442
13209,0,1882.289999
13211,0.893691589,1980.530427
13213,0,2225.010254
13215,12.60943209,1535.510603
13217,2.088705786,1882.750271
13219,4.409526968,1998.263918
13221,0,2217.381383
13223,1.468499149,1907.585575
13225,1.2184932,1635.033998
13227,0,2101.350166
13229,0.472693422,681.8082851
13231,0,1713.469593
13233,0.458900381,2017.244846
13235,0,1725.173804
13237,0.314434402,1916.084497
13239,0,1556.681223
13241,3.09330328,2197.22706
13243,0,1550.974593
13245,5.674504644,2081.617411
13247,3.214874383,1900.560169
13249,0,1636.408054
13251,0,1428.672891
13253,0,391.7129472
13255,1.318383477,1708.43938
13257,1.292087607,2199.856906
13259,0,1572.186162
13261,1.451739921,1563.801676
13263,0,1658.217454
13265,0,2206.428571
13267,0.556553245,1010.96936
13269,0,1623.509353
13271,0,1817.603869
13273,0,1521.547955
13275,0.620406331,553.2366371
13277,6,1210.608721
13279,1.176346161,1730.013656
13281,0.536267457,2217.015997
13283,0,1921.394578
13285,1.93408945,1619.159426
13287,0,1787.104672
13289,0,1797.45662
13291,0.679153298,2121.243885
13293,0,1671.888754
13295,2.81770368,2170.345413
13297,2.114349728,1926.938253
13299,0,613.189481
13301,0,2178.408062
13303,0,1877.435125
13305,0.576454488,632.2996095
13307,0,1594.272903
13309,0,1880.033684
13311,3.222982444,2189.303885
13313,1.210771979,2189.071224
13315,0,1789.07275
13317,0,2316.683372
13319,0,1815.028955
13321,0,1632.953701
15001,6.785070772,154.7300521
15003,49.15677944,319.7808105
15005,0,356
15007,4.996219544,246.570682
15009,13.85825978,337.1230371
16001,16.71777504,87.52689292
16003,0,150.3302381
16005,2.387424777,674.2538217
16007,0,857.3774364
16009,0,234.4721049
16011,0.028326774,352.2546382
16013,2.629504158,102.7726693
16015,0,99.05927869
16017,0.811493018,180.5197592
16019,5.544780713,172.7962555
16021,0.729104969,145.8775913
16023,0,165.2585478
16025,0,99
16027,3.404863996,87.06337934
16029,0,857.5091064
16031,1.334465551,821.7208873
16033,0,115
16035,0,203.8742988
16037,0,132.5509182
16039,0.569278556,89.63694856
16041,0,851.2342749
16043,0.033407063,121.4399359
16045,0,96.98334365
16047,0,134.3954843
16049,0.181636485,226.7068015
16051,0,152.1689924
16053,0.190911357,208.3672842
16055,3.451006952,217.0414471
16057,1.375511835,245.9974783
16059,0.115146929,129.7668054
16061,0,211.4093506
16063,0,188.4185698
16065,0,123.2420138
16067,1.329154057,750.6229524
16069,0.991820698,217.3268756
16071,0,850.6290359
16073,0,91.92340498
16075,0.552161991,113.5750264
16077,0,816.7372626
16079,0.365905512,181.088189
16081,0.470788043,139.3331352
16083,1.908106917,199.7090884
16085,0,132.7264772
16087,0,133.1040679
17001,3.601370489,575.6688747
17003,0.222924638,612.5609716
17005,0,427.2937046
17007,0.619556039,1593.767005
17009,0,538.8671011
17011,0.338341748,1448.326632
17013,0,439.0874111
17015,0.262605917,1461.398736
17017,0,620.3489127
17019,13.07736446,1344.920874
17021,0,691.3082098
17023,0,977.8955903
17025,0,606.0251192
17027,0.141202163,397.8182109
17029,1.140840106,959.7856262
17031,57.23437161,1588.637951
17033,0,720.5499389
17035,0.132196162,751.8248818
17037,6.001501128,1549.96926
17039,0,1380.39882
17041,0.188072221,1314.173137
17043,25.5763835,1546.810739
17045,0,1415.434576
17047,0,811.9542839
17049,2.14526661,580.8389505
17051,0,519.452003
17053,0,1405.573926
17055,0,463.9692411
17057,0.431782767,1262.202285
17059,0,787.3054385
17061,0,446.8725747
17063,0,1583.513662
17065,0,780.8733898
17067,0.152861953,642.2427609
17069,0.134190231,741.1025707
17071,0,971.2621345
17073,0.309879263,1422.945077
17075,0.112803878,1439.543828
17077,0.60263922,325.6442791
17079,0,650.7261967
17081,1.428866416,413.7992535
17083,0.636618295,417.6705088
17085,2.790377526,1466.471604
17087,0,666.2346865
17089,13.12665207,1529.166086
17091,3.081401696,1576.552454
17093,4.533817201,1555.056708
17095,1.29775034,1416.496024
17097,10.32024691,1585.313315
17099,0.697985284,1479.460219
17101,0,676.4981049
17103,0.60259034,1470.303503
17105,0.478339905,1539.999525
17107,0.673988479,1315.24214
17109,1.272561198,754.4739097
17111,3.918985587,1564.706734
17113,27.7974896,1401.906845
17115,1.126050741,1203.894047
17117,0.11272462,419.6787569
17119,4.750683616,382.6840278
17121,0.620509541,440.678126
17123,0,1498.70429
17125,0,1253.116195
17127,0.109465138,657.4746813
17129,0,1051.115977
17131,0,1422.549184
17133,0,384.9340088
17135,0,455.9735646
17137,0,474.2078972
17139,0,1144.630144
17141,0.6868663,1509.948379
17143,6.840456957,1383.67658
17145,0,373.2742272
17147,0.4762369,1366.895869
17149,0.278530602,499.8782352
17151,0,751.3330141
17153,0,628.5271518
17155,0,1458.283392
17157,0,353.6867044
17159,0,617.0941507
17161,6.098850848,1367.472959
17163,3.854406438,375.6345899
17165,0,726.6880556
17167,5.530227645,603.0182892
17169,0,684.0040597
17171,0,486.6130068
17173,0,785.3887527
17175,0,1516.704803
17177,0,1448.148558
17179,2.144321029,1346.095334
17181,0.079149088,580.4509478
17183,0,1329.501708
17185,0,834.4250219
17187,0.668688534,1404.440316
17189,0,406.3732369
17191,0,635.2459991
17193,0,844.5878792
17195,0,1427.417088
17197,8.529980977,1600.279213
17199,0.014537794,514.3902793
17201,3.701916195,1508.841293
17203,0.031166403,1515.187102
18001,0,1890.700203
18003,6.919365147,2143.562348
18005,1.553842459,952.0173631
18007,0,1453.923404
18009,0,2034.029851
18011,2.010930841,1493.166654
18013,0.386470549,867.664944
18015,0.047474798,1707.451209
18017,0.684045909,1763.280171
18019,13.05416063,804.3790052
18021,0,1158.319355
18023,0.568974088,1614.40732
18025,0,953.3285768
18027,0,713.6985606
18029,0.360336209,1080.255221
18031,0.506713807,1107.086245
18033,0.084527585,2333.792883
18035,0,1499.705821
18037,1.895636432,921.0389571
18039,1.384333086,1936.042026
18041,0,1184.821744
18043,8.439733433,857.79802
18045,0.277163345,1553.714511
18047,0,1141.558769
18049,0,1945.839603
18051,0.112129572,939.5873454
18053,0.490348952,2011.613322
18055,0,780.9491204
18057,11.84137931,1539.579401
18059,2.010911844,1265.412666
18061,0.30489991,936.7315506
18063,3.938809156,1209.320624
18065,0.544042527,1268.959363
18067,0.751472977,1824.086087
18069,0.336441914,2283.994526
18071,0,833.1311342
18073,0.057727395,1580.845153
18075,0,1697.343238
18077,0.487487176,1017.494358
18079,0,1035.71808
18081,2.320561262,974.4686451
18083,1.141367795,759.4476421
18085,1.027123655,2131.345874
18087,0.107190733,2152.520626
18089,4.381114154,1630.749339
18091,1.824786869,1737.509907
18093,0.111981911,680.1226071
18095,0.46631296,1590.382288
18097,9.962372707,1009.358288
18099,0.869129834,1862.383589
18101,0,765.723965
18103,0.270597467,2007.399255
18105,5.836598379,727.4241233
18107,1.129338034,1543.423215
18109,0.813760853,879.6242141
18111,0.147628925,1572.139046
18113,0.446767422,2345.499769
18115,0,1080.544652
18117,0.37039689,874.6178396
18119,0.678718711,848.7811931
18121,0,1500.511826
18123,0.048975957,923.9342098
18125,0,1012.66726
18127,4.364581489,1674.884572
18129,0,867.13854
18131,0,1759.247717
18133,0,1331.908549
18135,0,1399.908237
18137,0,1075.563306
18139,1.274350649,1193.484127
18141,10.46558083,1792.174279
18143,0,849.9991591
18145,1.056352252,1127.869342
18147,0.949960715,921.0244058
18149,0.055053053,1742.779788
18151,3.040877685,2291.868925
18153,0,853.7620962
18155,0.376153631,1066.859327
18157,12.00479043,1556.045421
18159,0,1954.578857
18161,0.133193277,1174.105882
18163,5.528245974,825.7990724
18165,0.112495964,1532.030481
18167,1.693369368,1064.949667
18169,2.675427912,2210.020162
18171,0.15001825,1556.964229
18173,1.714732941,889.5616535
18175,0,783.0375778
18177,0.593387331,1189.679718
18179,0.474223492,2127.998286
18181,0.580515664,1691.848736
18183,0.079235376,2339.212307
19001,0,1406.056328
19003,0,1451.252133
19005,0.180437468,1042.6703
19007,1.075028085,1446.490852
19009,0,673.6485166
19011,0,549.7922764
19013,5.379605957,540.5467746
19015,0.51355142,491.3769379
19017,0.543064877,861.3393656
19019,0,615.4204626
19021,0,401.5215038
19023,0,830.1774883
19025,0,468.0897887
19027,0.680794045,442.114938
19029,0,1286.359045
19031,0,1109.092612
19033,2.15094207,759.8365204
19035,0,359.8264338
19037,0,921.0928154
19039,0,1496.843547
19041,0,665.8470071
19043,0.544873624,1003.705882
19045,0.181495271,1449.795738
19047,0,395.7876221
19049,8.975845517,532.5106284
19051,0,1256.10538
19053,0.298305513,1485.559054
19055,1.286081721,821.8891097
19057,5.452698397,669.3227114
19059,0,697.4835458
19061,6.608438879,1376.279176
19063,0.706071658,717.5902167
19065,0.173178943,857.4939808
19067,1.119837078,861.1238465
19069,0,790.0047567
19071,0,1374.388542
19073,1.806455228,487.0611902
19075,0,549.8275159
19077,0,683.2784526
19079,0,517.5178799
19081,0,792.869549
19083,0,622.5880407
19085,0,396.6784163
19087,1.889335814,523.8775705
19089,0,932.7756766
19091,0,781.5740702
19093,0.368988633,356.5122413
19095,0.593190963,522.9569174
19097,1.395854869,1483.347685
19099,0.553521279,465.0696695
19101,1.904974384,437.6162067
19103,22.94936314,592.2267486
19105,0,1035.125589
19107,0,449.6598445
19109,0,775.1238563
19111,1.334030519,596.5820715
19113,8.713068648,547.3436199
19115,0,774.0194157
19117,0,1447.120383
19119,0.276440678,257.2550847
19121,0.329142928,1273.477211
19123,0.627130777,468.6632365
19125,0.355014612,625.9642997
19127,1.390588886,439.410612
19129,0,1351.652599
19131,0.58906309,852.6295807
19133,0,359.7530836
19135,0.51952068,1251.831465
19137,0,1368.109724
19139,1.210453598,958.2684355
19141,0.405044941,431.2942882
19143,0,655.0425532
19145,0.404011838,1375.872739
19147,0.511128509,723.0766134
19149,0.400302295,315.40603
19151,0,682.2788104
19153,16.08035961,434.6607563
19155,14.124425,861.0684546
19157,0.500734055,422.4926323
19159,0,1488.028444
19161,0.096282566,393.150242
19163,11.29869664,1379.857539
19165,0.162681913,469.4064449
19167,0.44269341,303.4401146
19169,6.137507062,452.0605208
19171,0,457.2398302
19173,0,1442.940584
19175,0,1467.423718
19177,0,782.3146115
19179,0,562.1649764
19181,1.205477028,824.4252855
19183,0,526.5455656
19185,0,1487.160598
19187,2.106690877,481.0228073
19189,0,763.4226656
19191,0.902538576,957.2374813
19193,5.875563606,297.4923992
19195,0.516976556,773.7476421
19197,0,796.9600601
20001,0.228825082,1428.772934
20003,0,1434.238416
20005,0,1408.044911
20007,0,284.1566882
20009,0.615437445,115.0365905
20011,0.680170576,1441.381388
20013,0,1384.864752
20015,0.660920915,1262.605307
20017,0,1343.140553
20019,0,1480.031707
20021,0.378628166,1393.443523
20023,0,871.0337249
20025,0,174.440678
20027,0,1291.008966
20029,0,1183.201789
20031,0.327451935,1419.632514
20033,0,212.4360432
20035,0.384497008,649.8086634
20037,2.349693883,1430.932474
20039,0,59.35385704
20041,0,1266.696035
20043,4.62289916,1404.4677
20045,6.590318539,1370.650564
20047,0,107.3430191
20049,0,1530.960032
20051,2.395136884,97.63109194
20053,0,217.9723122
20055,0.761241118,35.12529149
20057,0.889940091,76.49875437
20059,0,1368.838864
20061,0,1310.199135
20063,0,61.88981132
20065,0,81.91923701
20067,0,43
20069,0,75.72259136
20071,0,213.6782007
20073,0,1461.669052
20075,0,108.3189655
20077,0,305.6685434
20079,0.644246965,1036.133357
20081,0,50.38897243
20083,0,76.2724359
20085,0,1343.519737
20087,0,1375.129651
20089,0,308.0280308
20091,115.9543856,1292.971568
20093,0,40.74734662
20095,0,305.1756587
20097,0.670962545,162.2517116
20099,0,1460.250125
20101,0,80.50886408
20103,2.649504902,1386.780243
20105,0,267.4533687
20107,0,1439.21183
20109,0,59.71064898
20111,1.530192256,1333.395042
20113,0.591273593,886.1449732
20115,0,1265.337632
20117,0,1317.256152
20119,0,81.86966019
20121,0,1367.036455
20123,0,332.4515116
20125,0.337018123,1473.608738
20127,0,1332.574851
20129,0,66.37612952
20131,0.341873578,1374.85874
20133,0,1434.114505
20135,0,90.51268499
20137,0,83.42854505
20139,0,1362.725828
20141,0,180.1722954
20143,0,1222.248442
20145,0,93
20147,0,136.040589
20149,0.807503202,1317.42379
20151,0,196.6460746
20153,0,54.49919679
20155,4.067621474,156.1807084
20157,0,1087.586716
20159,0,146.2745489
20161,4.477862245,1311.542311
20163,0,140.7691073
20165,0,102.9234677
20167,0,151.0039153
20169,2.151459988,1074.386492
20171,0,53.85591662
20173,5.582453785,447.3360955
20175,0.869098712,45.17117158
20177,9.025246344,1327.010536
20179,0,66
20181,0.640413279,525.4718835
20183,0,222.4254313
20185,0,150.3958788
20187,0,60
20189,0,44.68261186
20191,0,438.464672
20193,1.378420237,52.28910687
20195,0,99.38543897
20197,0,1345.846154
20199,0,561.2804801
20201,0,1294.080015
20203,0,65.7907197
20205,0,1502.537674
20207,0,1438.617581
20209,103.824403,1351.002025
21001,0,980.5189507
21003,0,837.5196297
21005,0.105491585,1162.29411
21007,0,651.821582
21009,0.487121247,898.6897969
21011,0,1120.551888
21013,0,1063.470484
21015,5.7928729,1062.908037
21017,0,1147.055606
21019,0.683959376,983.5794008
21021,2.356530409,1012.568328
21023,0,1060.651902
21025,0,953.7201219
21027,0,896.6050387
21029,1.922344015,931.2846851
21031,0,815.7399655
21033,0.628046376,723.3820491
21035,1.253160986,587.7352209
21037,21.9813798,1085.641163
21039,0,648.3822288
21041,0,1051.322608
21043,0.235542705,1030.808496
21045,0,1032.853958
21047,1.364460613,634.1632153
21049,0.766762558,1111.621625
21051,0,898.9853307
21053,0,1049.519312
21055,0.444407159,738.6815436
21057,0,1003.820721
21059,0,773.0920684
21061,0,911.3653137
21063,0,1119.296877
21065,0,1049.204483
21067,9.983668529,999.5710273
21069,0,1103.119085
21071,0.125601848,1014.249756
21073,3.587281255,1024.328453
21075,0,624.9472296
21077,0,1066.977854
21079,0.078386692,1043.044662
21081,0.409646712,1068.935994
21083,0.425912458,653.9102761
21085,0,896.6933455
21087,0,977.0410909
21089,0.283039679,993.3200317
21091,0,896.1878144
21093,2.123984055,940.3977761
21095,0.389668149,965.0350097
21097,0,1098.910249
21099,0,949.6929326
21101,0.11363337,853.6344896
21103,0,1045.145947
21105,0,657.2282
21107,0,655.2232928
21109,0,977.3067026
21111,19.86137381,822.2240106
21113,0.237377515,960.5209814
21115,0,1174.760824
21117,15.66559993,1071.443951
21119,0,914.419254
21121,0.455126566,1096.122859
21123,0.147802929,1009.497792
21125,1.651201531,1051.716812
21127,0,1127.498013
21129,0.156743792,1030.285835
21131,0,960.4735641
21133,0,1028.010075
21135,0,1038.917422
21137,0.404932021,1052.441963
21139,0.207152202,756.8312255
21141,0,774.4313283
21143,1.093727206,761.022125
21145,1.741543865,641.2420707
21147,0,1107.033001
21149,0,740.8365573
21151,3.783298947,844.9678032
21153,0,1189.470922
21155,0.340759204,1062.458327
21157,0,723.8970056
21159,0,1179.109097
21161,0,1045.378811
21163,0.067127101,942.2593115
21165,0,1127.222961
21167,0.066390041,1060.299862
21169,0,948.255814
21171,0,908.7028071
21173,0.697525141,1100.429499
21175,0,1155.726903
21177,0.690670128,660.7645952
21179,2.133594686,1005.765131
21181,0,1161.802059
21183,0.330135792,751.2707113
21185,2.595221627,830.4751458
21187,0,1054.614917
21189,0,908.5169837
21191,0,1071.96778
21193,0,829.7708064
21195,0.354415906,945.4910658
21197,0,1102.548075
21199,0.482196052,1048.940499
21201,0,1090.241234
21203,0.299196189,1106.34546
21205,1.156517486,1049.731312
21207,0,1016.915611
21209,1.642358071,1086.407695
21211,0.110893971,1018.20499
21213,0.480976036,809.7219826
21215,0,991.4981789
21217,0,996.4356718
21219,0,730.4126804
21221,0,653.5624957
21223,0.277321764,1040.034944
21225,0,804.8122343
21227,5.489521233,789.5672445
21229,0,1040.35636
21231,0.150486624,1052.666553
21233,0,760.7433377
21235,0.679410791,1104.143082
21237,0.111713968,1153.076795
21239,1.402061466,1154.291777
22001,0.055266069,237.0138686
22003,0,507.6615439
22005,1.644565452,194.5785896
22007,0,172.1286203
22009,0.287334734,186.7951069
22011,0.183165271,586.601867
22013,0,166.1624972
22015,2.179784485,140.898056
22017,2.226773227,151.0834392
22019,2.505565469,571.6929281
22021,0,179.384878
22023,0,610.7877352
22025,0,194.2427498
22027,0,146.3257222
22029,0.394614243,195.7351661
22031,0,313.4444242
22033,7.31699078,177.7864892
22035,0,224.4469555
22037,0,195.5548159
22039,0.027052044,217.3854767
22041,0,191.8261972
22043,0,175.6060253
22045,0,158.6214123
22047,0,186.435389
22049,0,181.3821262
22051,13.94321492,198.6724419
22053,0,578.3926173
22055,5.816247558,150.327401
22057,0.024311084,181.6503572
22059,0,186.2488294
22061,1.2580118,172.9030519
22063,0.354131679,207.9808289
22065,0,216.733052
22067,0,167.850927
22069,0.895208414,160.7077782
22071,15.25458979,198.6657755
22073,1.684010111,169.1197642
22075,0.557991847,207.0042909
22077,0,189.7306585
22079,2.332101,174.5815488
22081,0,150.6161664
22083,0,191.5815515
22085,0,543.7525402
22087,1.103996231,209.444918
22089,1.565612229,212.6131754
22091,0,223.5418011
22093,0,207.7884779
22095,0.714063407,213.3512484
22097,0.504131133,178.5800256
22099,0.513944074,171.8795866
22101,0,158.8732507
22103,2.983590446,222.6111427
22105,1.67077374,223.5185379
22107,0,206.4890643
22109,0.262594679,163.8258803
22111,0,165.2352043
22113,0.157157911,192.4979678
22115,0.103660144,556.3188482
22117,0,229.4297895
22119,0,134.3583078
22121,6.430611858,187.4924039
22123,0,224.3218401
22125,0,193.645295
22127,0,143.2676315
23001,4.268085737,2571.796375
23003,0.235959722,73.06129228
23005,21.9028487,3011.887458
23007,1.81585541,1805.303645
23009,1.679256638,406.8587868
23011,5.138443655,1908.783886
23013,3.487251627,1861.813535
23015,0.910591312,2348.225716
23017,2.280078281,2760.154067
23019,2.873444257,357.9334854
23021,0.268085863,400.2779886
23023,2.401539754,2700.151876
23025,1.704882052,937.3209816
23027,0.74553785,810.6109559
23029,0.515488559,222.5493339
23031,4.213646554,3658.745072
24001,3.275020422,2828.333399
24003,26.71599924,3553.35364
24005,35.23970862,3742.422962
24009,3.651910005,3401.333453
24011,0.973932652,4221.219573
24013,3.751130872,3661.619653
24015,4.410520075,4613.600239
24017,9.845690253,3340.277922
24019,3.727917735,3472.682065
24021,9.913461351,3556.7152
24023,1.614988853,2852.484685
24025,11.39604944,4444.263861
24027,62.22257581,3470.800017
24029,2.182617188,4564.487356
24031,62.49046018,3381.960622
24033,41.18666939,3406.936923
24035,2.726870402,4067.876024
24037,7.556607941,3256.924052
24039,1.338184365,3260.839254
24041,2.547118937,3614.235096
24043,9.369523493,3458.979904
24045,8.370793048,3341.166835
24047,4.447880386,3269.8973
24510,151.8427526,3571.107189
25001,12.85058898,3173.015007
25003,7.76292614,6000.449411
25005,13.15354846,4476.939565
25007,0.781009753,3342.617097
25009,37.73513858,4196.480934
25011,8.131974082,5837.212409
25013,27.34784109,5736.395665
25015,23.62244904,5844.654049
25017,172.1479452,4447.850742
25019,11.66963967,2934.218873
25021,76.25915395,4489.202102
25023,13.8320777,4009.700519
25025,422.6632366,4303.768324
25027,34.27422685,5323.298202
26001,0,628.1895922
26003,0,196.1272807
26005,1.94498053,1885.748719
26007,0.021314762,315.6924132
26009,0.477018154,440.8943822
26011,0,762.9778192
26013,0.565191316,129.4248531
26015,0.665656483,1828.242182
26017,5.657749309,798.0261531
26019,1.04615037,605.9332317
26021,3.218963959,1832.07534
26023,0.823938473,2178.552224
26025,5.320972354,1788.034186
26027,0.779629163,1952.540736
26029,0.88762072,335.4931862
26031,1.025437389,218.0730883
26033,1.271981399,129.3065102
26035,1.147284293,903.3667591
26037,5.907189989,1093.173082
26039,0.079545455,614.3626295
26041,1.504627307,249.322908
26043,0.187955701,240.1563867
26045,5.895744099,1484.379076
26047,3.143360965,239.7648832
26049,1.765031836,968.3735256
26051,0,804.2840155
26053,0.749099558,226.4400951
26055,9.784596287,533.7579016
26057,0.194411678,980.58584
26059,0.276675345,2053.344608
26061,0.511590972,68.18520479
26063,0.191737663,770.5348336
26065,21.73638729,957.2968174
26067,0.256486701,1662.919893
26069,0.429460992,707.4044342
26071,0.341382106,210.6414992
26073,5.202904936,962.1524523
26075,5.033532692,1381.51975
26077,6.385518421,1837.681389
26079,0.759605078,556.476615
26081,14.33202169,1787.661875
26083,0,53.36917222
26085,0.268530284,1309.944346
26087,0.079568059,954.4246661
26089,2.30315488,502.9167167
26091,0.384793002,1521.676737
26093,1.926275467,1036.399288
26095,0,160.756602
26097,0.748817364,181.7074483
26099,6.620645705,978.9406483
26101,1.124862464,821.6852357
26103,1.136078189,182.9996687
26105,3.039157663,1458.931835
26107,1.739932384,1457.49371
26109,0.436206445,420.8023317
26111,3.550769968,819.0909341
26113,0,861.6498176
26115,1.156826667,1492.160127
26117,0.543799987,1558.111106
26119,0.54412082,448.6036677
26121,4.062632788,1853.242159
26123,0.395238975,1787.304599
26125,12.93217136,1010.89213
26127,0.666377849,1793.368883
26129,0.378368031,756.6429768
26131,0,145.4058945
26133,0.41744201,1060.700467
26135,0.087901473,662.0270466
26137,3.688457319,420.6605452
26139,8.991876526,1878.545774
26141,0.600535982,220.2662568
26143,1.034446633,775.5470813
26145,1.599065733,839.5434125
26147,1.642496155,889.3428948
26149,0.079800622,1989.150817
26151,0.474732266,869.3722043
26153,0,219.4925912
26155,1.094798756,981.4057146
26157,0.077975818,890.0382476
26159,0.399888618,1907.978201
26161,20.62846207,1294.718607
26163,15.20769809,1171.254844
26165,2.761074388,790.0378369
27001,0,559.5510552
27003,10.42618048,607.2169345
27005,0.340900459,191.8153212
27007,1.785781464,122.9439552
27009,1.567274434,598.7369799
27011,0,481.459992
27013,8.626068757,628.4994062
27015,1.287525921,611.8827165
27017,1.637710381,529.243496
27019,2.536031904,609.687083
27021,0.427975019,483.0647274
27023,0.667985854,558.1592287
27025,0.551715493,620.5554939
27027,7.294366615,86.10954411
27029,0,126.5862263
27031,0,62.24102184
27033,0,589.5433106
27035,1.701458896,548.7212968
27037,14.17495432,612.9740542
27039,0.185898976,704.7234585
27041,2.534717081,542.5179535
27043,0,716.1295986
27045,0.212638486,906.5500452
27047,3.073001805,749.9033645
27049,1.20120872,657.0497086
27051,0,521.1257967
27053,48.25142516,600.9778443
27055,2.138403856,932.5914837
27057,0.097618265,379.8539954
27059,1.305194481,607.4488801
27061,0.700110668,414.9040505
27063,0,678.5133192
27065,0.482752237,591.4609071
27067,0.627653872,573.2183458
27069,0,48.90449438
27071,0,75.25463375
27073,0,525.482769
27075,0.171885347,300.699177
27077,0,75.11155591
27079,0.326086192,630.1055057
27081,0,520.39922
27083,0.622314757,548.5706336
27085,1.132418688,594.0921538
27087,0,112.3269789
27089,0,64.43098471
27091,0.082484673,679.2732938
27093,0.046006307,610.375351
27095,0.42148442,592.4553788
27097,0.367704339,583.9221293
27099,2.712203551,778.3966843
27101,0,549.7821026
27103,5.492889747,627.2028617
27105,0.621082753,595.1297365
27107,0,85.30343334
27109,7.869181698,703.4108382
27111,0.513557929,411.8419953
27113,0,72.34316088
27115,1.051719423,592.1540644
27117,0.524828113,451.4161301
27119,1.69213612,75.12621081
27121,0,546.1590889
27123,52.07114735,604.6567624
27125,0,76.76054931
27127,0.471664582,566.5533469
27129,0.290968982,587.1849437
27131,1.729387369,618.4278201
27133,0.496484125,351.5831025
27135,0,53.05111737
27137,5.558759693,369.5155815
27139,6.139319706,616.2338979
27141,1.629516221,602.0693642
27143,0,604.6528142
27145,1.278199865,591.1357361
27147,3.47145192,662.6571779
27149,2.200614125,533.1054248
27151,0,547.1399936
27153,0.129415112,552.8434337
27155,0,382.297989
27157,0.350584307,768.6707012
27159,0.882903297,527.9517579
27161,0,669.6852825
27163,12.97661654,621.0967453
27165,0,646.4726222
27167,0,138.1807152
27169,1.934297651,853.8793552
27171,1.316093176,599.1878698
27173,0,556.3857801
28001,1.277433045,198.3402566
28003,1.05726159,562.4774408
28005,0,220.8937687
28007,0,180.0303146
28009,0,547.241571
28011,0,201.375228
28013,0,250.5001734
28015,0,236.9484557
28017,0,249.9684642
28019,0,216.067146
28021,0,206.2312541
28023,0,308.9606072
28025,0,251.015834
28027,0,207.1745206
28029,0,236.0349342
28031,0,258.5804891
28033,2.608984066,198.0759591
28035,1.71653229,245.8288763
28037,0,218.9313116
28039,0,281.9298697
28041,0,307.1180703
28043,1.358914321,244.6763033
28045,0.90969391,238.4954477
28047,3.666361092,237.1280988
28049,4.16829935,197.2852328
28051,0,160.8078557
28053,0,200.1983411
28055,0,241.3401472
28057,0,572.9102411
28059,1.568116916,248.3640531
28061,0,305.7735505
28063,0,202.0514799
28065,0,255.6962082
28067,0,264.1343493
28069,0,267.9009055
28071,3.481825413,280.8299821
28073,1.568181456,250.2064505
28075,2.557724632,242.7355242
28077,0,245.1980151
28079,0,234.5027423
28081,1.547102129,418.7561662
28083,0.636733417,207.2524336
28085,0.368277919,232.8965991
28087,2.721848682,247.3111417
28089,2.514011869,183.0690829
28091,0,250.6051644
28093,0.028167427,293.3664301
28095,0,323.7149526
28097,0.905584572,214.5701085
28099,0,257.0405128
28101,0,253.9994344
28103,0,263.0393716
28105,5.778759099,241.9139596
28107,0,219.712785
28109,0.331874189,228.7597637
28111,0,283.5669811
28113,0.578534231,222.7022228
28115,0,300.5482248
28117,0,563.617253
28119,0,211.3849105
28121,1.827743497,229.2087673
28123,0,239.7483739
28125,0,234.5306076
28127,0,248.8905213
28129,0,264.5293674
28131,0,245.2943879
28133,0,199.7096549
28135,0,218.1885193
28137,0,222.7328548
28139,0,558.3198034
28141,0,624.1183234
28143,0,203.8604058
28145,0.778465953,491.5779971
28147,0,236.0890938
28149,0.543515099,200.5852488
28151,0.665069223,201.4269835
28153,0,331.5886256
28155,0,226.6500463
28157,0,197.023032
28159,0,244.4721793
28161,0,266.7968394
28163,0,213.2204062
29001,3.681089995,1532.405568
29003,4.490942235,1400.178478
29005,0,1391.403668
29007,0,1414.81248
29009,0,1153.131405
29011,0,1424.756648
29013,0.196658887,1401.446751
29015,0,1459.995493
29017,0,359.3811674
29019,4.158994791,1403.173457
29021,37.44519021,1389.697147
29023,0,384.1624383
29025,0,1446.79198
29027,0.904280883,1416.883143
29029,1.01603998,1455.211313
29031,3.160742827,348.7198163
29033,0,1457.094234
29035,0,435.2021364
29037,8.767516502,1313.187043
29039,0.177884615,1394.610648
29041,0,1549.071822
29043,1.713446475,1282.191356
29045,0,1032.901371
29047,43.69138267,1386.920951
29049,0,1422.407599
29051,2.88835965,1424.307752
29053,0.550279648,1457.305502
29055,0.053702468,436.5510757
29057,0,1390.005151
29059,0,1422.832195
29061,0,1445.153605
29063,0,1413.556941
29065,0,461.1929372
29067,0,757.4104237
29069,0,329.0517584
29071,0.083750688,392.0890098
29073,0,1086.720439
29075,0,1431.307634
29077,15.10829155,1286.182317
29079,0,1471.816591
29081,1.347573276,1479.530913
29083,2.84913517,1370.94509
29085,0,1438.103999
29087,0,1393.866484
29089,0,1464.462183
29091,0.435584351,508.1819586
29093,1.11044335,382.4340887
29095,100.9205304,1265.734354
29097,5.677892274,1370.316018
29099,1.358693283,354.1349782
29101,3.685400756,1344.686902
29103,0,1570.120314
29105,0.60316704,1413.395852
29107,1.93708903,1328.185063
29109,0.589262833,1347.160822
29111,1.145584967,1245.307537
29113,0,429.5015801
29115,0,1509.566311
29117,0,1427.195671
29119,0,1196.11166
29121,0.192292464,1546.671836
29123,0,383.0219284
29125,0,1382.184166
29127,0.604787904,889.5222946
29129,0,1500.691692
29131,0.510780874,1447.849462
29133,0,635.8113745
29135,0,1458.987364
29137,0,1552.154809
29139,0,1277.9215
29141,0,1467.287993
29143,0.507091172,594.2580029
29145,3.163481334,1367.201705
29147,3.913149241,1396.230776
29149,0,487.1668403
29151,0,1393.678322
29153,0,441.7863865
29155,0.672198408,532.4292713
29157,0,324.8177043
29159,5.950001179,1436.30294
29161,0.796936327,832.206697
29163,1.286540368,627.2749752
29165,37.02439522,1382.472454
29167,1.543067653,1374.802972
29169,1.107393189,1387.351649
29171,0,1477.981458
29173,0.19916163,1249.290895
29175,1.859178812,1522.045218
29177,1.528078603,1433.157336
29179,0,406.6922219
29181,0,433.2721003
29183,5.220299042,386.1291408
29185,0.130407192,1376.067689
29186,0,329.3132443
29187,0.04014823,348.6521687
29189,12.93971164,378.8031468
29195,0.25418629,1469.061748
29197,0,1528.449231
29199,0,1346.353849
29201,1.506616846,526.9971976
29203,0,515.322164
29205,0,1551.075146
29207,0,361.261357
29209,0.797176471,917.4284863
29211,0,1517.134026
29213,7.405935605,444.8097115
29215,0,635.3527706
29217,2.275875486,1422.195136
29219,1.199487033,465.7280707
29221,0.419879931,378.1289335
29223,0,382.5574361
29225,0,1369.776906
29227,0,1480.701649
29229,0,1026.313267
29510,37.00775822,376.4165253
30001,0.065263381,98.57562936
30003,0,34.27003458
30005,0,9.624962675
30007,0,67.62286184
30009,0.409579942,78.1260174
30011,0,51.73103448
30013,3.755908601,55.74056095
30015,0,41.20205898
30017,0.827639886,25.18299749
30019,0,9
30021,0.740253853,15.55881686
30023,0,72.41112204
30025,0,58
30027,0,43.06975911
30029,2.888138352,132.8588249
30031,3.336469152,90.34160376
30033,0,19
30035,0,45.86334452
30037,0,54
30039,0.294135338,72.90345865
30041,0,11.31640482
30043,0,78.79376916
30045,0,59.27439024
30047,0.234703617,144.7825429
30049,2.534971039,73.95652996
30051,0,43.61303462
30053,0,136.1983875
30055,0,15.19167579
30057,0,102.7730363
30059,0,71.4551532
30061,0.101616628,163.5339492
30063,4.82168954,107.4332029
30065,0,48.79111491
30067,0.557015685,84.75873554
30069,0,39
30071,0,10.38864087
30073,0,48.52140078
30075,0,54.73684211
30077,0,73.09089581
30079,0,24
30081,0,97.85040531
30083,0,21.12453816
30085,0,12.03913083
30087,0,23.30512962
30089,0,155.1286005
30091,0,15.93478902
30093,1.3936094,65.17420834
30095,0,79.12654256
30097,0.531284004,81.66458107
30099,0,55.02807247
30101,0,41.02639235
30103,0,33
30105,0,7.539197198
30107,0,53.44434051
30109,0,29
30111,3.218579712,43.27077125
31001,0.807837418,197.4107669
31003,0,203.5239905
31005,0,88
31007,0,1175
31009,0,116
31011,0,205.0508799
31013,0,191.1287229
31015,0,150.749203
31017,0,75.42985798
31019,6.994797758,177.9719523
31021,0,351.6390897
31023,0,316.9543579
31025,0.391245869,1336.134463
31027,0,218.2119533
31029,0,478.7585649
31031,0,64.65143941
31033,0.814276623,1068.852673
31035,0,257.5598256
31037,0,295.4919951
31039,0.442467913,319.876154
31041,0.375695217,121.1459956
31043,8.428443649,301.152902
31045,0.691652274,76.93862982
31047,1.570945088,91.43366613
31049,0.539548023,1005.559322
31051,0.221752904,277.0645899
31053,1.595678928,359.4318337
31055,19.14025902,464.4341914
31057,0,572.1690871
31059,0,353.1023096
31061,0,193.3117845
31063,0,59.3383915
31065,0.232173175,90.88518676
31067,0.92690737,1292.473501
31069,0,619.4070981
31071,0,190.3853916
31073,0,104.5722139
31075,0,93
31077,0,199.9008895
31079,1.071065245,194.2104079
31081,1.798785118,219.5831435
31083,0,130.9094675
31085,0,61
31087,0,50.6043759
31089,0,182.5190161
31091,0,65
31093,0,198.6600809
31095,0,1280.621937
31097,0,1360.666667
31099,0.635245902,188.6355495
31101,1.689363817,89.44085487
31103,0,83
31105,0,1198.925056
31107,0,207.6361905
31109,23.47267514,847.0607736
31111,0.700017122,50.15649792
31113,0,61
31115,0,162
31117,0,55
31119,2.977443394,210.9179396
31121,0,207.5687452
31123,0,1030.076841
31125,0,217.8365957
31127,1.370879908,1373.809114
31129,0,313.576118
31131,1.613466959,1358.136236
31133,0,1391.157576
31135,0,272.2004154
31137,0.788839779,124.1307182
31139,0,211.0161245
31141,2.290977444,221.7563008
31143,0.221582181,273.0443548
31145,0,53.57417249
31147,0,1395.111336
31149,0,108.186014
31151,0.529498629,1040.764433
31153,5.596332819,875.2129748
31155,0.444933508,593.6412249
31157,1.427349236,996.7061364
31159,1.40994366,416.2225707
31161,0.145925216,63.59501438
31163,0,187.7960199
31165,0,589.1694915
31167,0.72653885,232.3089472
31169,0,961.4968
31171,0,61
31173,0,293.1866168
31175,0.347804878,188.9185366
31177,0,423.556556
31179,0.605879847,252.9021091
31181,0,221.5370317
31183,0,205
31185,2.950844854,274.2542608
32001,1.169958547,1016.205844
32003,38.53089867,410.0183344
32005,6.132966217,5796.859795
32007,1.757180654,147.0849877
32009,0,901
32011,0,56.48613377
32013,1.85529286,187.0195438
32015,0.504043127,157.4294699
32017,0,358.0828665
32019,0.770258861,1573.42395
32021,1.030309784,1492.923111
32023,0.072043767,725.1632465
32027,0.611136398,445.558944
32029,1.256975037,1999.895986
32031,37.51369506,1622.198414
32033,0.543364681,319.7569488
32510,9.375226269,3089.536438
33001,0.651698434,4145.584186
33003,2.062854667,3890.181362
33005,2.670384008,5076.171607
33007,0.432890809,2796.311249
33009,3.309495079,3985.496341
33011,8.488987612,4510.555144
33013,3.371989768,4338.48554
33015,6.149848643,4261.032595
33017,3.995328862,4071.450411
33019,0.404998494,4552.716513
34001,4.810734933,4611.670599
34003,51.39086306,4530.251024
34005,8.540525341,4876.400947
34007,24.99352701,4811.050704
34009,2.160472918,4460.521235
34011,0.519672186,4584.445201
34013,51.84477362,4204.980061
34015,6.261375516,4781.562697
34017,266.9181216,4281.166358
34019,2.799317144,5146.504802
34021,13.74956871,4618.531891
34023,13.92840615,4264.408382
34025,7.91225168,4010.584644
34027,9.636018794,4587.540493
34029,2.476294729,4037.460546
34031,24.60994544,4471.993132
34033,4.540236479,4710.054339
34035,11.26554213,4512.049408
34037,2.601960339,4759.361188
34039,27.93683268,4330.48714
34041,1.450780289,5126.107926
35001,16.79261071,173.8906643
35003,0,303.3710178
35005,0.753851368,127.5791841
35006,0.350409147,195.2997795
35007,0.378324798,281.8713035
35009,1.610561189,39.99177811
35011,0,159.6350877
35013,4.202406108,56.49859437
35015,0,70.21207984
35017,0.596363769,138.2307327
35019,1.130535055,158.597786
35021,0,192
35023,1.034010392,131.1055739
35025,0,37.71578618
35027,1.053462322,182.9962322
35028,0.689239039,213.7022555
35029,1.184913829,64.30397136
35031,0.494315971,234.1082328
35033,0.213333333,233.0795556
35035,0.027633076,114.4529369
35037,2.054083485,154.6436782
35039,0,262.2325856
35041,0,46.89654436
35043,2.49359107,197.0439036
35045,2.665721929,293.6318626
35047,0.571371524,171.7642852
35049,23.84221555,196.8347714
35051,0.708500182,126.543229
35053,0.420857502,179.631645
35055,1.174028511,289.7981318
35057,0.198746527,164.2032694
35059,0.612518266,132.4909888
35061,3.322107217,162.8020727
36001,115.4102559,5889.069325
36003,0.322585522,1365.628736
36005,75.20344752,4301.562597
36007,11.37205924,4222.99686
36009,1.866553746,1278.071218
36011,1.662803087,1947.077796
36013,4.865108478,1177.403961
36015,3.626000119,2678.061511
36017,0.31264334,4271.325394
36019,5.509449701,1472.249626
36021,5.165005998,6172.999767
36023,4.917090176,3045.486686
36025,0.563434506,4845.693325
36027,8.793972554,6118.600353
36029,54.95157546,841.9018091
36031,4.355757625,2608.782919
36033,2.90575324,1446.822858
36035,2.145289231,4756.455175
36037,2.516853737,896.7357264
36039,2.85372346,6179.851167
36041,0.154243377,3373.174001
36043,2.156726813,3579.108928
36045,3.365837027,1798.176171
36047,130.129476,3965.057746
36049,0.280730269,2064.837466
36051,1.606188111,961.8616533
36053,3.008663192,2763.08666
36055,45.40700782,874.7144226
36057,11.34164401,5215.489045
36059,17.61340889,4385.911551
36061,363.3697062,4321.914672
36063,7.055095291,781.9595803
36065,9.316635672,2506.777299
36067,26.62776787,1938.068938
36069,3.974092226,1128.943229
36071,6.304477893,4998.201632
36073,0.815946239,831.5590538
36075,1.483541614,1873.610822
36077,2.589398084,4373.007853
36079,3.407936058,6041.934396
36081,114.7681345,4177.208936
36083,50.5140586,5971.089559
36085,18.69984609,4077.038352
36087,17.06715599,4720.971197
36089,1.20976078,1483.569505
36091,37.70484883,5579.829412
36093,57.59660446,5808.900197
36095,0.668184296,5611.982109
36097,2.183580835,2285.5768
36099,2.287972008,1859.130077
36101,2.243711069,1542.733251
36103,17.48439681,5381.929327
36105,1.391177369,4727.408355
36107,0.43854143,4052.963784
36109,17.47217739,2448.028356
36111,15.21221499,5870.652376
36113,36.45192952,4422.330534
36115,8.977636043,5094.525186
36117,3.351664207,1213.516398
36119,27.19898259,4795.988575
36121,0.840107927,974.5054838
36123,1.135663104,1758.534286
37001,6.705983966,1334.22817
37003,0,1360.834483
37005,0.358592693,1350.375372
37007,0.114449447,1373.88993
37009,0.901403236,1322.853382
37011,1.370988007,1212.666876
37013,0.431849025,888.188274
37015,0.259420366,1011.573764
37017,0.200788943,1048.925412
37019,1.956177214,791.6773778
37021,15.05156101,1827.690642
37023,0.107168212,1342.211852
37025,6.325904397,1319.554193
37027,1.665972019,1356.694233
37029,0.202365309,1266.177023
37031,0.829064516,637.5361683
37033,0.09637915,1382.498519
37035,1.373346288,1354.422133
37037,3.04957929,1350.652176
37039,0.563615247,2241.467568
37041,0.618292247,960.6537335
37043,0.287713004,2221.244215
37045,1.058118959,1432.878269
37047,0.038574175,1027.268851
37049,3.470984456,758.9055235
37051,5.908271113,1082.675627
37053,0.242557883,951.9321573
37055,2.070657802,546.4089596
37057,3.251886572,1285.211955
37059,0.320969372,1296.132642
37061,0.524378869,999.3421182
37063,35.78363685,1361.879033
37065,1.477827498,1075.564424
37067,5.493866562,1260.319488
37069,1.057447778,1399.242492
37071,6.571824112,1350.785944
37073,0,1658.797725
37075,1.123750147,2431.310552
37077,0,1437.944954
37079,0.345547244,1048.098013
37081,11.2716941,1304.01654
37083,2.760625913,1281.275583
37085,0.678622476,1175.474756
37087,1.419870033,2197.115919
37089,7.211706134,2169.860075
37091,0.305700573,1310.763473
37093,1.831251145,1173.525408
37095,0,727.1237964
37097,4.633866919,1303.310344
37099,2.16539657,2194.890595
37101,1.610733468,1319.132105
37103,0.460065588,825.0807151
37105,2.238920813,1174.884076
37107,2.358402839,958.8797516
37109,0.398262,1380.039336
37111,1.162944364,1337.77001
37113,1.75850108,2185.779882
37115,0.816688264,1833.0454
37117,0.073176117,941.6718778
37119,31.48317704,1297.843641
37121,0.24266328,1198.840364
37123,0.549792455,1339.61437
37125,1.960418283,1228.538811
37127,3.104351607,1210.145333
37129,7.435588123,622.9733547
37131,0.180866206,1640.517538
37133,2.081934902,691.2949082
37135,14.10867486,1350.234985
37137,0.354927799,746.7548331
37139,1.960854808,903.6280075
37141,0.412628654,741.20772
37143,0,953.3085177
37145,0.465180354,1432.780744
37147,6.135923895,948.9335745
37149,0.861328692,2155.552219
37151,2.914219992,1328.85214
37153,2.210884962,1336.201479
37155,1.000486115,1081.324505
37157,0.37224193,1350.557775
37159,1.688866348,1303.425783
37161,1.181207953,1516.615334
37163,0.312132609,1082.842235
37165,0,1207.642336
37167,0.704077357,1352.030556
37169,0.460996323,1370.766065
37171,1.64081275,1314.438237
37173,1.585211713,2215.896988
37175,1.548723523,2217.379888
37177,0,812.0246355
37179,5.455110342,1357.213838
37181,2.223068992,1411.723271
37183,26.48663964,1344.531433
37185,0.648485769,1434.933455
37187,0.354088904,868.3954021
37189,7.044477178,1280.101259
37191,1.874193157,1209.240207
37193,1.369558537,1338.817738
37195,4.03683546,1216.74985
37197,1.337598766,1319.541994
37199,0.370900951,1338.090487
38001,0,60.40995156
38003,0,76.28946375
38005,0,55.93862974
38007,0,29
38009,0.537862262,35.1057962
38011,0,57.47298609
38013,0,25.47245565
38015,5.346993477,32.96875687
38017,12.24721986,81.88814418
38019,0,50.40886177
38021,0,73.64031295
38023,0,18
38025,0,28.9307657
38027,0,57.59195402
38029,0,52.75260576
38031,0,59.8356546
38033,0,27.09020045
38035,6.382358384,63.63295987
38037,0,46.32614323
38039,0,77.18582541
38041,0,46.47171315
38043,0,59.39100486
38045,0,71.64923077
38047,0,63.47446931
38049,0,38.04034335
38051,0,62.76568047
38053,0.471523562,26.75007228
38055,0.117930962,32.46259574
38057,0,31
38059,1.659875313,33.14229706
38061,0,27.63896405
38063,0,61.84113128
38065,0,32.36850153
38067,0,46.44262774
38069,0,45.54321596
38071,0.801058936,53.0131933
38073,0,87.48820844
38075,0,27.56053624
38077,0,112.9513697
38079,0,34.00796564
38081,0,95.23698384
38083,0,62
38085,0.597603134,33.37727587
38087,0,50
38089,2.228532923,27.15376717
38091,0,83.50687947
38093,2.993821543,64.34532305
38095,0,51.6668188
38097,0.53831729,79.01275159
38099,0.38169517,52.2577523
38101,1.844044546,29.96421217
38103,0,60.26664952
38105,2.158889136,25.3169737
39001,0.066353621,1059.306556
39003,4.685005058,1647.552729
39005,0.149309772,1620.01812
39007,0.415209001,1382.234222
39009,8.030995527,1295.918068
39011,0.701306089,1653.291431
39013,0.390306122,1231.143213
39015,0.151144617,1070.04105
39017,5.27043747,1113.409809
39019,0.691891892,1364.13793
39021,0.133604385,1562.549265
39023,0.844809499,1355.003936
39025,2.272274531,1081.708447
39027,0.053571429,1179.052786
39029,0.253194686,1270.992479
39031,0.175447235,1501.616637
39033,0.720044228,1703.668365
39035,11.9309241,1388.095631
39037,0,1370.164283
39039,0.021539028,1891.422102
39041,16.63200522,1563.16043
39043,2.254827396,1560.175762
39045,4.58284679,1322.408786
39047,0.232164703,1290.172463
39049,59.76977271,1311.793308
39051,0.097615323,1689.182857
39053,0.689114852,1147.576896
39055,0.588850807,1590.547455
39057,6.241071801,1231.648394
39059,2.212252539,1303.799313
39061,20.49517768,1069.743174
39063,2.588002376,1652.265413
39065,1.254292358,1638.846271
39067,0,1310.7311
39069,0.396409044,1787.29485
39071,0,1169.568872
39073,0.878082385,1316.717657
39075,0.656368021,1537.917482
39077,0.701257916,1634.295052
39079,0,1168.323428
39081,0,1205.214033
39083,2.031970344,1612.113944
39085,5.837513873,1563.394829
39087,1.086910068,953.2999282
39089,5.572616,1422.454315
39091,2.217742469,1628.792828
39093,3.264445192,1520.523051
39095,6.113051016,1496.678125
39097,0.503887181,1371.575235
39099,2.772346051,1420.171953
39101,2.943279277,1691.996655
39103,1.863016146,1453.574616
39105,0,1328.253852
39107,0.809085149,1622.351976
39109,1.117484021,1395.663197
39111,0,1334.815361
39113,12.97336218,1156.394603
39115,0,1330.378787
39117,0.174177763,1666.161602
39119,2.6117885,1319.054921
39121,0,1377.086954
39123,1.170130927,1511.866312
39125,0,2014.196831
39127,0.233008094,1320.508427
39129,0.234340584,1318.159967
39131,0,1105.676936
39133,4.104316945,1443.860299
39135,0.062251494,1185.140651
39137,0.029170115,1749.436872
39139,1.433077501,1642.212139
39141,2.022417205,1210.5735
39143,0.687930477,1578.033435
39145,0.870826209,981.1969751
39147,2.331993991,1607.667354
39149,0.088747171,1651.633265
39151,6.961797069,1408.547618
39153,11.79193432,1401.604064
39155,2.796283092,1536.027312
39157,0.418673032,1378.427038
39159,3.673567072,1538.126074
39161,0.628469145,1758.583809
39163,0.085779992,1303.531928
39165,7.610776641,1140.609736
39167,1.898932195,1341.298338
39169,2.565468754,1497.296003
39171,0.194885745,2084.59222
39173,4.862224671,1604.164998
39175,0.302186516,1675.511937
40001,0.521762663,481.942312
40003,0.262303575,308.6437576
40005,0.274556641,1007.437713
40007,0,89.85617724
40009,1.860155535,203.026441
40011,0,320.9750026
40013,3.109286846,951.4911146
40015,0.327495802,672.0191576
40017,4.571806929,390.0884586
40019,2.268954113,948.8832162
40021,2.241533834,490.3215404
40023,0,1007.974401
40025,0,68.52107457
40027,10.93943775,657.4995553
40029,0,1015.740183
40031,0.638975398,874.3593438
40033,0.262147674,902.6251081
40035,0.55240297,1325.324226
40037,0.917264527,432.1789805
40039,1.610494659,281.9350824
40041,0.350272572,917.9602723
40043,0.240327533,297.4061412
40045,0,224.3716972
40047,1.986434896,319.7101616
40049,0.447371262,947.2370003
40051,0.857579318,838.6612311
40053,0,339.0066377
40055,0,218.5286701
40057,0,192.6717987
40059,0,219.7941019
40061,0.33054855,634.8500158
40063,0,1003.388089
40065,0,345.3974524
40067,0,928.4799474
40069,0.305857816,961.205477
40071,1.516358851,393.113559
40073,0,340.0285877
40075,0,459.5974365
40077,0.34222092,990.5061041
40079,0.091681834,537.648573
40081,0.592998626,485.5299691
40083,1.003776292,348.0009704
40085,0,952.7277844
40087,0.903759926,906.0128754
40089,0,964.4171908
40091,0,578.1549525
40093,0,313.8493598
40095,0,957.2120686
40097,0.374933087,515.9919461
40099,0.379330089,951.3704552
40101,1.849410527,468.3086587
40103,0.5757791,413.6849862
40105,0,1348.569853
40107,0.733961792,715.9785601
40109,13.32605454,360.816936
40111,0.376520634,467.1933183
40113,3.070314823,494.6571143
40115,1.181248601,1396.509606
40117,0.27722229,425.9510426
40119,4.310626038,411.1591708
40121,1.813536571,958.1599135
40123,1.864191742,977.2666406
40125,0.784253424,786.4755003
40127,0.368701945,1044.922479
40129,0,210.8349381
40131,1.060118194,479.5701125
40133,0.447368421,966.3903915
40135,0.567083263,486.7811548
40137,1.034722702,931.3379876
40139,0.695633209,43.09887074
40141,0.676330475,850.6130393
40143,12.61925969,447.335702
40145,1.880793382,464.3551405
40147,0.777632465,936.6196557
40149,0.102747153,247.5355142
40151,0,291.3079426
40153,1.929392689,234.5088935
41001,0.4923555,174.8183344
41003,14.77789471,953.7196532
41005,33.63414393,1877.827611
41007,3.340604196,2041.895779
41009,3.98315329,2146.328165
41011,4.386832879,637.9058356
41013,0.074116209,976.6267644
41015,0.609681506,304.4185853
41017,15.59291574,939.813016
41019,5.129973185,771.2050629
41021,0.555379747,1615.025316
41023,0.195706719,298.3080569
41025,1.617783858,183.0608755
41027,6.715685432,2129.41113
41029,10.55433516,365.117853
41031,3.938581171,996.8686793
41033,2.793069796,364.0042252
41035,5.045558087,359.9551815
41037,0.090045593,299.4635258
41039,19.68500777,963.6518932
41041,4.669632723,951.6748622
41043,3.604247893,973.2479877
41045,0.424262209,117.8436602
41047,27.13817922,1091.532958
41049,0.1302407,1378.238425
41051,92.12265811,2002.834881
41053,17.1080727,1076.816653
41055,0,2072.423488
41057,3.38439997,1727.440258
41059,1.680557172,491.9804705
41061,1.092974115,282.6143687
41063,0.887048832,251.8301486
41065,3.402298851,2047.543617
41067,52.9463644,2008.069984
41069,0.403669725,925.1834862
41071,8.249427357,1521.504388
42001,3.367057402,3781.358921
42003,43.99328781,1128.439602
42005,0.305098231,1467.772645
42007,1.148797495,1210.16159
42009,0.369709681,3054.583773
42011,5.894445213,4852.621409
42013,2.713114821,3038.486599
42015,0.742313203,4132.306517
42017,14.30864565,4980.120562
42019,1.34971086,1242.931698
42021,1.017658098,2810.141242
42023,0,1984.739583
42025,0.603229942,5398.728988
42027,13.0426219,3672.598636
42029,13.3048316,4770.216757
42031,0.646908084,1399.622292
42033,0.4422772,2994.176113
42035,0.979843835,4009.894057
42037,2.417938523,5086.716761
42039,0.399804876,1232.829913
42041,10.85472808,3997.682771
42043,12.85188995,4351.543695
42045,21.54444853,4809.002616
42047,0,1846.498886
42049,4.773523595,1208.952468
42051,0.049006744,2338.015154
42053,0,1442.428373
42055,1.963931231,3466.456084
42057,0.674717085,3416.404982
42059,0,1998.411249
42061,0.017897885,3427.989811
42063,1.452896535,2693.15672
42065,0.088707826,1978.150448
42067,0.081112869,3950.320761
42069,5.811531105,4721.382124
42071,16.43216463,4514.570443
42073,0.287679343,1404.926116
42075,2.484459796,4607.751756
42077,25.63839298,4972.850476
42079,3.142252958,4783.759938
42081,0.884277369,4690.009981
42083,0.029009532,1522.160844
42085,1.591138175,1357.172984
42087,0.922129106,3575.573637
42089,1.392254656,4929.837144
42091,23.86040523,4904.436819
42093,3.573990538,5050.039388
42095,15.1973586,5152.369
42097,0.676052787,4869.130116
42099,0.071077103,4177.695641
42101,49.80929871,4825.970887
42103,0.717193676,4760.320805
42105,0,1820.952352
42107,0.915109029,4943.441153
42109,0.476564818,4741.77702
42111,1.032338443,2739.817412
42113,0,5086.377608
42115,0.098610974,4746.56492
42117,0.303883805,2700.059643
42119,1.276661239,4956.535745
42121,0.455651835,1225.864492
42123,0,1324.26628
42125,2.841999025,1398.210237
42127,1.094717953,4835.863794
42129,2.52495994,1768.657598
42131,0.363431568,5023.627779
42133,5.273343044,4207.257269
44001,12.1178744,5185.676041
44003,37.88936279,5298.766028
44005,13.27553154,5064.447897
44007,68.18740853,5222.119624
44009,5.389411681,5310.653723
45001,0,2285.92881
45003,2.23614421,2051.534025
45005,0,934.342246
45007,0.868740103,2202.235015
45009,0,939.3170835
45011,0,1311.218233
45013,4.809341598,500.9928056
45015,3.795549812,630.9287358
45017,0,1044.670455
45019,13.72005653,442.9301203
45021,0,1602.483908
45023,0.263484191,1447.658091
45025,0.196670521,1315.737329
45027,0.125203012,1027.116167
45029,1.244498193,742.4304433
45031,1.208008017,1286.899339
45033,0.965969875,1140.008795
45035,3.287448313,657.9484592
45037,0.306317309,2176.653048
45039,0.043202714,1460.030885
45041,3.653320023,1197.255742
45043,0.869991955,825.3530652
45045,14.25264955,2182.859778
45047,0.535105841,2281.458654
45049,0.047287104,791.8282786
45051,4.315628759,935.4184859
45053,1.067291427,554.095135
45055,0.345554106,1363.081956
45057,2.489379102,1361.597737
45059,0.123869234,2279.034214
45061,0,1323.646874
45063,5.009588758,1208.227066
45065,0,2237.765034
45067,0,1118.397945
45069,0.31430088,1243.522293
45071,0,2246.682068
45073,2.137995761,2185.031438
45075,1.052706635,909.5202696
45077,2.094320511,2211.91541
45079,10.10719143,1110.080628
45081,0,2269.582298
45083,5.965069107,2008.58095
45085,0.514103586,1220.602578
45087,1.824995425,2117.247868
45089,0,1065.518695
45091,6.072617539,1374.114821
46003,0,53.57671382
46005,0,63.23432217
46007,0,50.39737609
46009,0,195.1742841
46011,0.725274099,157.0495515
46013,2.304221812,70.04896378
46015,0.3726352,49.17790942
46017,0,31.89276808
46019,0,51.10723652
46021,0,52.1042524
46023,0,103.4151652
46025,0,94.99757739
46027,0.785521455,203.4679596
46029,0.798386237,114.2390431
46031,0,49.76643936
46033,4.394969409,48.17437118
46035,0.904374057,64.30613374
46037,0,98.0891416
46039,0,451.1503829
46041,0,58.87074131
46043,0,62.94061105
46045,0,58.54901961
46047,0.624609433,55.62713882
46049,0,61.38272138
46051,0,406.1048421
46053,0,68.06081565
46055,0,49.69509044
46057,0,125.9474115
46059,0,45.74184073
46061,0,71.9865615
46063,0,62
46065,0.816799544,48.39140091
46067,0,120.3461959
46069,0,37.26694329
46071,0,46.57645631
46073,0,56.59631658
46075,0,45
46077,0,101.3235413
46079,0,93.61230093
46081,1.432535069,49.40370456
46083,2.855978399,169.4745699
46085,0,43.8201514
46087,0,93.8621685
46089,0,56.48186528
46091,0,107.1442327
46093,0.072755693,46.01591531
46095,0,47.7157385
46097,0,81.56348848
46099,5.431266368,134.285765
46101,0,197.133067
46102,0,51.1501716
46103,8.12338228,45.01738605
46105,0,60.43658211
46107,0,39.43617482
46109,0,154.8954413
46111,0,64.3296796
46115,0,73.98136067
46117,0.833551341,52.66710268
46119,0,50.44053208
46121,0,45.81111758
46123,0,52.14941263
46125,0,183.766006
46127,1.444345105,279.3101092
46129,0,40.16534708
46135,0,193.6429702
46137,0,55.65052403
47001,2.809927725,2072.820841
47003,0.315691603,1679.620921
47005,0,600.4573235
47007,0,2160.779894
47009,4.538745528,2185.387167
47011,0.564054843,2174.541038
47013,0,1527.254081
47015,0,1879.677543
47017,0,548.4429798
47019,1.282009495,1022.663183
47021,0.228372678,740.8433854
47023,0,572.1971611
47025,0,1227.170924
47027,0,919.5600785
47029,0.343017571,1938.705199
47031,1.234328145,1931.639244
47033,0,533.4683438
47035,0.618435084,2151.002949
47037,56.95291366,730.7786949
47039,0,660.9092
47041,0.442349781,1685.70379
47043,1.781718554,674.173488
47045,0.55280772,502.4438053
47047,0,500.616665
47049,0.224178212,1446.368324
47051,0.388080669,1972.764828
47053,0,533.5688411
47055,0,1133.175424
47057,0.053463985,1615.198599
47059,0.762916745,1233.631455
47061,0,2030.604667
47063,0.377673351,1350.805611
47065,16.76375995,2106.713982
47067,0,1137.989495
47069,0,537.1938448
47071,0.858172609,648.8206897
47073,0.115766282,1073.672759
47075,0,519.8135242
47077,0,580.6462298
47079,1.056215311,556.744442
47081,0.045209258,680.3093496
47083,0,705.8920863
47085,0,632.9158571
47087,0.072660831,1046.84397
47089,0.777334663,1929.822809
47091,0,1167.697663
47093,13.25466339,2013.812377
47095,0,615.0296989
47097,0,516.6590759
47099,0.338168113,704.7329374
47101,0,685.9002555
47103,0,1904.744599
47105,1.847937708,2198.310764
47107,0.191358256,2180.863931
47109,0,589.3701867
47111,0.485459352,852.3299736
47113,3.428953985,525.413183
47115,0.296169559,2042.162226
47117,0,1101.391361
47119,2.149278656,717.7502616
47121,0,2194.178393
47123,0,2195.483054
47125,3.248580432,674.6342735
47127,0,1954.035335
47129,0,2193.09402
47131,0,607.6818706
47133,0.348428127,1285.500158
47135,0.327930175,671.8819202
47137,0.508484609,1055.09925
47139,0.48301303,2213.838698
47141,5.002177179,1340.303787
47143,0,2168.610059
47145,0.431812642,2205.298476
47147,0,781.2224367
47149,11.56186698,842.9359781
47151,0,1417.253315
47153,0,2109.193224
47155,8.134378157,2078.632618
47157,5.18623847,199.8372174
47159,0.466074476,984.6491017
47161,0,694.3643474
47163,2.51700305,990.5964478
47165,1.887436061,809.9602781
47167,0,390.6562977
47169,0,859.6203483
47171,0.603894282,1139.508501
47173,0,1944.641325
47175,0.522105625,2145.455187
47177,1.315345,1977.023187
47179,2.846904729,1008.376701
47181,0,674.4602116
47183,0.39991611,546.0910807
47185,0.330933658,2039.915901
47187,15.18804544,718.0989629
47189,2.520881341,838.6179127
48001,0.317298893,1786.812352
48003,0,34.13688484
48005,0.451520334,1038.411299
48007,2.213501239,1277.503757
48009,0.580877313,860.540096
48011,0,54.62974359
48013,0,934.0540104
48015,0.057272849,1409.250903
48017,0,39.15615963
48019,0.43083004,915.420729
48021,0.217264132,1433.792063
48023,0,844.2460674
48025,0,1295.774847
48027,2.490340174,1928.284681
48029,25.25551716,934.1433582
48031,0.659677832,1172.977073
48033,0,51
48035,0,1640.077979
48037,1.089647732,645.3346436
48039,4.884617266,1129.536844
48041,9.886336529,1895.438441
48043,0,17.2518687
48045,0,64.35756677
48047,0,269.6538028
48049,0,1528.551594
48051,0,1961.886385
48053,0.867838816,1439.657735
48055,0.179087746,1395.381157
48057,1.261201677,1369.446437
48059,0,1222.521097
48061,1.276297867,50.8215405
48063,0,764.7871387
48065,0,51.13647809
48067,0,758.9779348
48069,0,42.90927126
48071,0.323788495,867.6754128
48073,0,1282.742477
48075,1.672253775,177.2070924
48077,0.296342398,873.3580046
48079,0,40
48081,0,170.0773196
48083,0,1472.162903
48085,24.92319276,797.4215397
48087,0,183.4096632
48089,0.474598492,1405.126329
48091,2.120943319,1222.836168
48093,0,1548.113187
48095,0,939.7538105
48097,0.079153062,885.8912882
48099,0.020363607,1786.260625
48101,0,174.5
48103,0,35
48105,1.468906572,196.3015031
48107,0,52.34903529
48109,1.310123683,57.34493816
48111,0,60.39521452
48113,36.5812744,799.3543842
48115,0,39.30352557
48117,0,38.25535801
48119,0,841.1823005
48121,15.72211004,810.7044865
48123,0.599050304,1397.688282
48125,0.521081577,56.1695692
48127,0.755179828,770.2602619
48129,0,81.47603256
48131,0,659.2168126
48133,0.534966373,1352.630871
48135,0,32.08558189
48137,0,869.9135802
48139,0.368166522,1369.538154
48141,6.249142386,55.018009
48143,0,1414.667598
48145,0,2035.618656
48147,0,910.8082235
48149,0.177288391,1415.777082
48151,0,121.2793311
48153,0,50.98011069
48155,0,587
48157,7.982968597,1234.330917
48159,0,777.3494009
48161,0,1847.614718
48163,0,889.0344276
48165,0,43.93746738
48167,6.268184242,718.1647186
48169,0,49.92932979
48171,2.154267287,918.9433403
48173,0,53.34761576
48175,0,1402.908683
48177,0.330948723,1401.373584
48179,0,68.79390835
48181,2.332120096,898.169052
48183,1.169129601,821.3837325
48185,1.761310507,1643.098815
48187,2.725848003,1284.189499
48189,0,44.3534949
48191,0,138.7381818
48193,0.201683661,1587.477354
48195,0,49.73283005
48197,0,420.6718039
48199,0.79323872,580.6535846
48201,26.54244266,1132.583591
48203,0.517904639,766.5825807
48205,0,71.81961346
48207,0,707.1474348
48209,6.231605685,1361.565995
48211,0,180.1768777
48213,0.139211165,1364.198636
48215,2.638374614,54.00027406
48217,0.478938769,1537.860146
48219,0,41.08318107
48221,0.848029988,1375.679134
48223,0.453279939,787.96859
48225,0,1836.588266
48227,0,34.43619695
48229,0,57.55451248
48231,0.301313902,794.4578387
48233,0,48.01293532
48235,0,301.0186735
48237,0,898.0721197
48239,0.118809877,1391.483808
48241,0.088268376,606.7885664
48243,0.456124722,48.54387528
48245,1.304018393,567.439574
48247,0,266.0555234
48249,0,705.519046
48251,1.149878326,1370.43176
48253,0,634.2139982
48255,0,1383.651187
48257,0.380192924,863.882566
48259,2.20988767,943.0606054
48261,0,221
48263,0,60
48265,3.999003736,893.8899128
48267,1.043657143,879.6921143
48269,0,332
48271,0,809.831791
48273,1.713848657,289.2628153
48275,0,771.0195705
48277,0,915.6716025
48279,0,37.25833461
48281,0.465487897,1712.721445
48283,0,877.350682
48285,0,1401.008519
48287,0.540177012,1726.729941
48289,0.068917749,1898.973045
48291,0,994.1853829
48293,0,1875.507533
48295,0,169.8639806
48297,0.297412731,1007.092402
48299,0.782770837,1223.465365
48301,0,72
48303,3.480680433,38.99395574
48305,0,46.92694529
48307,0.627352572,1119.225596
48309,3.73983743,1900.303269
48311,0,911
48313,0.506664806,1914.582804
48315,0,750.4782217
48317,0,39
48319,0,1001.033663
48321,0.956511103,1350.61159
48323,0.783710283,247.2647595
48325,0,901.5850518
48327,0,900.1859583
48329,2.413681543,33.52983567
48331,0,2036.721821
48333,0,1561.785319
48335,0,49.2903343
48337,0,882.9606925
48339,8.271796445,1189.719796
48341,1.451462044,50.02985498
48343,0,781.9997572
48345,0,70.95301028
48347,0.502335587,1149.017087
48349,0.471227893,1656.703305
48351,0,610.2911227
48353,1.494127911,96.58090061
48355,5.399057299,382.2612336
48357,0.874331281,54.93600485
48359,0,44.07203791
48361,0.316761364,594.4991883
48363,0,1214.90737
48365,0,1025.919262
48367,0.584714728,1135.235484
48369,0,36.33291835
48371,1.028807631,23.20661367
48373,0.215930615,1080.353564
48375,2.061264505,40.64750725
48377,0.260575793,22.38087544
48379,0,794.7358553
48381,2.78301533,40.57128782
48383,0.627456187,61.21879979
48385,0,863.5838437
48387,0,872.4202229
48389,1.914318796,53.8582272
48391,0,1387.683678
48393,0,128
48395,0,2045.561659
48397,6.007719298,794.1044329
48399,0.286964981,926.5469844
48401,0,1085.692395
48403,0,609.6432665
48405,0,723.7002421
48407,0,1257.934066
48409,0.245292598,1107.117577
48411,0,1542.271819
48413,0,859.5910973
48415,0,49.82101903
48417,0,908.517168
48419,0,969.8349761
48421,0,45.51083388
48423,3.397690543,889.4508263
48425,0,1414.612637
48427,0,55.06423351
48429,0,1008.232528
48431,0,66
48433,0,286.703966
48435,0,859.5942526
48437,0,43.40942861
48439,16.14064684,920.7928482
48441,1.899717134,464.9026549
48443,0,41
48445,0,39.41408769
48447,0,833.7973333
48449,0.535234951,764.2620991
48451,0.686341607,233.4380547
48453,108.8376716,1381.484766
48455,0,1779.882565
48457,0,600.7173388
48459,0.045039385,801.2037887
48461,0,38.10243769
48463,0.690062828,866.4495334
48465,0.763005427,241.4316986
48467,0.137645167,858.151206
48469,2.581167702,1382.139194
48471,3.139345736,1635.676921
48473,1.025118413,1392.847126
48475,0.610131971,29.81609195
48477,1.81902197,1459.003515
48479,1.986225063,241.6452353
48481,0.271429257,1385.254271
48483,0.475033738,180.3304415
48485,2.410422689,844.8090183
48487,0.811276244,827.6893922
48489,0,59.83472618
48491,19.22448228,1665.761805
48493,0.182837757,1299.779345
48495,0,33.27371516
48497,0,877.7321607
48499,0,795.6988725
48501,0,46.62819322
48503,0,840.0216024
48505,0,134.0063189
48507,0,853.0689019
49001,1.332575068,709.0861389
49003,3.628082179,848.788128
49005,13.47043598,845.4748211
49007,2.684427234,891.2096466
49009,0,987
49011,15.33305584,828.2689324
49013,0,943.8788471
49015,0.273294386,889.3320131
49017,0,194.6328
49019,7.929263766,359.5802227
49021,4.731297509,329.1341349
49023,0.544781898,847.1281081
49025,5.402977279,371.154479
49027,0.592069737,868.690658
49029,0,841.0288703
49031,0,757.6647059
49033,0,847.2173913
49035,100.0982521,822.5685347
49037,0.648904871,225.9869892
49039,0,879.8705499
49041,2.69774156,854.6462398
49043,7.081142035,822.2766795
49045,0.186076857,825.79501
49047,0.601718155,1027.357091
49049,29.16268548,827.1388997
49051,4.571808913,835.5220706
49053,8.11249833,369.518071
49055,0,833.5533729
49057,21.12291409,836.3370011
50001,4.46969984,3701.570709
50003,5.222783248,5717.39844
50005,1.244713092,3309.464715
50007,37.85495123,1960.984757
50009,0,2968.331769
50011,1.416925419,1643.152085
50013,0.240424028,1602.840565
50015,3.491133354,2581.872084
50017,1.054098985,3975.85883
50019,1.378199158,1837.28242
50021,5.31810959,4418.140602
50023,11.0704025,3501.708413
50025,5.258585906,5437.962067
50027,4.881774202,4425.869779
51001,0.353961916,2869.809337
51003,13.2985508,2856.848887
51005,0.466001331,1880.85835
51007,0,2906.07818
51009,1.643917941,2432.376219
51011,0,2567.386872
51013,279.6461211,3414.612052
51015,2.367716556,2808.432822
51017,0.352636535,2471.523305
51019,1.75661369,1817.362046
51021,0.07972845,1269.81544
51023,1.232236842,1477.603738
51025,0.225146915,2247.611104
51027,0,1030.01703
51029,0,2889.638965
51031,2.747716854,2180.926488
51033,0.06919329,3053.079428
51035,0.175821604,1280.54144
51036,0,2851.692175
51037,0,2385.085083
51041,6.103362984,2842.98264
51043,1.506000828,3441.715202
51045,0,1401.891436
51047,0.676268412,3001.820314
51049,0.498530753,2897.626001
51051,0,1032.599215
51053,0.106637384,2832.897093
51057,0.418978102,3074.221624
51059,54.9831831,3343.977413
51061,1.76883715,3254.101559
51063,0.492261829,1329.229164
51065,0.816135154,2922.766643
51067,0.251765041,1309.472035
51069,4.072955232,3162.317987
51071,0.432040573,1183.398628
51073,0.41684064,2746.694154
51075,6.723968984,2955.093601
51077,0,1311.446361
51079,0.231681362,2932.552346
51081,0.746119442,2293.675261
51083,0.796355154,1614.195393
51085,3.890705664,2896.136965
51087,34.32687018,2843.375338
51089,0.256505722,1342.894694
51091,0,2804.523615
51093,0.477187593,2578.204948
51095,6.974576494,2741.225879
51097,0,3037.580944
51099,0.880392818,3200.806102
51101,0,3014.251222
51103,1.221691933,2827.861033
51105,0,1016.607807
51107,26.21748431,3423.457408
51109,0.230234081,3007.076008
51111,0,2440.608183
51113,0.584948516,3055.758177
51115,0.072374429,2759.375114
51117,0.205363536,1974.769446
51119,0.254275512,2763.293272
51121,8.507507995,1267.135053
51125,0.481974075,2858.359371
51127,0.327431645,2888.825863
51131,0,2476.175461
51133,0.344745288,3114.04477
51135,0.33615856,2722.624267
51137,0.65447522,2979.650448
51139,1.363632554,2929.682214
51141,0.139694224,1383.169762
51143,0.776200568,1413.641497
51145,0.42556319,2943.417769
51147,2.074436484,2645.345186
51149,2.890212055,2844.346365
51153,9.1926295,3254.257948
51155,0.261894292,1202.134963
51157,0.583016304,3212.95625
51159,0,3143.243995
51161,6.924508252,1278.796266
51163,2.196629708,2379.31591
51165,3.337609998,2765.233725
51167,0,1046.576753
51169,0.165939065,1012.289509
51171,1.628852927,2913.572501
51173,0.332001703,1169.619241
51175,0,2339.83353
51177,6.292672423,2912.500895
51179,5.24019709,3129.928042
51181,0,2779.854467
51183,0.053204785,2714.793965
51185,0.076648625,1095.291085
51187,2.470868432,3087.844565
51191,1.058402,1040.885788
51193,0.514519107,3176.103732
51195,0,980.9232488
51197,1.277667537,1270.702245
51199,13.53317054,2671.924593
51510,149.4874707,3391.592158
51520,3.386892549,1002.344041
51530,0,2345.934538
51540,27.97189572,2816.734375
51550,9.630529123,1821.897143
51570,4.343227449,2851.329399
51580,0,1441.048647
51590,3.901347497,1294.494664
51595,2,2111.266272
51600,40.82717056,3372.569106
51610,117.1619261,3412.829618
51620,0,2024.377792
51630,14.90832444,2946.343439
51640,0,1257.231334
51650,9.311669096,2482.229365
51660,14.51084805,2631.627787
51670,4.902577778,2831.640933
51678,6,2141.744899
51680,10.6367173,2145.295826
51683,11.21007359,3248.297602
51685,12.97806018,3276.032425
51690,0.877906057,1288.608097
51700,14.90349812,2572.444143
51710,23.31221858,2021.616046
51720,0,994.861678
51730,3.510311455,2770.050307
51735,2.006765118,2685.024915
51740,17.07170312,2077.463948
51750,3,1186.83867
51760,59.81355215,2812.954396
51770,13.98280906,1254.761678
51775,6.022854883,1267.814709
51790,10.95733982,2825.257908
51800,1.49022247,2193.618769
51810,14.90955505,1695.086304
51820,3.399192825,2763.490942
51830,14.40568046,2712.806838
51840,7.88983233,3093.89578
53001,0.396812506,1152.781088
53003,0.729590034,243.0994434
53005,6.326153999,764.3221134
53007,8.397649146,1649.505316
53009,4.339674695,1410.665987
53011,23.0826372,2103.496176
53013,2.279821074,278.7164513
53015,3.923689333,2169.803965
53017,9.242968015,1662.748024
53019,0,456.9913646
53021,4.731247532,521.3968681
53023,0,268.4526129
53025,2.074238474,1519.557704
53027,0.951239681,2047.221882
53029,1.663736681,1439.001687
53031,3.157517675,1541.370024
53033,128.2248794,1936.020251
53035,8.681403261,1952.74642
53037,2.62560248,2083.031255
53039,1.821174337,2152.006348
53041,2.011292962,2139.091112
53043,0.172568021,621.8013418
53045,0.499372379,2044.636668
53047,0.374952471,1377.447529
53049,0.597848199,2081.128837
53051,0.238298499,223.3667942
53053,25.91367162,2057.126341
53055,3.546451955,1355.987908
53057,8.548900676,1385.443174
53059,0.758189148,2163.593482
53061,24.7638817,1576.662327
53063,18.68305149,250.9043225
53065,0.312736277,234.0587845
53067,23.54174248,2082.491862
53069,1.701482168,2157.623668
53071,10.88993995,281.7705026
53073,12.21026285,1353.801397
53075,4.156443512,255.26478
53077,7.594919589,2069.188483
54001,0,2634.494832
54003,1.590834502,3413.724219
54005,0,1069.300406
54007,0.25940707,1321.204889
54009,0,1237.143534
54011,2.399279959,937.0865121
54013,0,1325.191649
54015,0,1171.679498
54017,0,1432.173785
54019,0.218163251,825.7113282
54021,0,1315.453701
54023,0,2856.837613
54025,0.478749319,1056.981802
54027,0.376759355,2992.912676
54029,0,1219.431005
54031,1.376314454,2898.397201
54033,1.672626442,1700.929651
54035,0.268363838,1313.370333
54037,2.469414286,3478.761533
54039,3.297695206,1004.820108
54041,0.783574638,1603.299988
54043,0,1040.742785
54045,0.526217286,1110.927622
54047,0,1060.709727
54049,0.029342201,2102.111109
54051,0.143074434,1293.20343
54053,0.093632959,1279.632772
54055,0.737864241,1072.527253
54057,0.378932969,2897.830961
54059,0,1107.501932
54061,7.12246224,2410.812422
54063,0,1247.827188
54065,1.677752809,3321.284438
54067,0,1122.26741
54069,2.211677612,1221.196776
54071,0,2785.485218
54073,0,1427.442001
54075,0.065020282,2220.32367
54077,0,2889.929902
54079,1.298618472,1116.227069
54081,0.829903831,676.9729222
54083,0,2405.72329
54085,0,1410.877501
54087,0,1360.943099
54089,0.490558615,1069.228403
54091,0.53874056,2562.200928
54093,0.5519228,2828.686591
54095,0,1393.393201
54097,0.522187232,2241.628236
54099,0.642170605,1016.148028
54101,0,1763.498371
54103,0,1414.394807
54105,0,1443.012838
54107,3.26120137,1348.693555
54109,0.642412638,953.0958353
55001,0,985.1283155
55003,0,493.4027313
55005,0.095458368,631.5192112
55007,0.29288176,474.9789899
55009,6.205374792,686.5901835
55011,0,828.94506
55013,0,620.0782399
55015,3.735946405,1274.487331
55017,0.443054149,756.4502532
55019,0.236327449,841.5746221
55021,0.529102929,1392.477455
55023,0.7636026,1172.937976
55025,33.04540435,1394.416205
55027,0.534207311,1464.862406
55029,2.840121647,580.1313493
55031,3.344115686,527.1719889
55033,1.3124653,663.004597
55035,10.14564207,785.8507471
55037,0,240.2949907
55039,1.160792565,1434.897354
55041,0,362.1940464
55043,1.014582121,1355.093775
55045,0.022288665,1475.292145
55047,0.470144095,1336.429946
55049,0,1422.26316
55051,0.843458355,362.7284733
55053,0,917.1026464
55055,0.893643104,1501.664227
55057,0.332180581,1055.830207
55059,5.302394111,1582.385247
55061,0,829.3757721
55063,4.439264437,909.0469924
55065,0.324781201,1483.10862
55067,0.503939062,460.417071
55069,0.470401271,529.3737855
55071,1.264836598,1345.995606
55073,2.932767465,588.5804923
55075,0.459218099,452.0695078
55077,0,1290.745709
55078,0,514.2010512
55079,26.22860258,1494.184842
55081,1.65921352,1023.043506
55083,0.182360708,559.8820966
55085,0.40651071,254.4793968
55087,8.376552891,878.1806144
55089,2.995514639,1535.3484
55091,0.068034706,797.01088
55093,0.582553855,655.1968537
55095,0.213506625,633.3164252
55097,4.343975036,587.7546525
55099,0.102164632,659.6008539
55101,1.402095385,1536.878714
55103,0.659926471,1251.756261
55105,2.195290774,1515.329535
55107,0.323149069,662.5419923
55109,1.533588995,641.2157588
55111,0.721505175,1344.743484
55113,0.043151059,596.617224
55115,0,538.7500061
55117,3.236183479,1496.418169
55119,0,788.6350394
55121,0,851.1531583
55123,0.490620631,1059.500439
55125,0,232.0384072
55127,1.504753799,1564.123047
55129,0,617.6154776
55131,0.891167204,1507.265375
55133,5.627860827,1503.406351
55135,0.73461184,686.8547758
55137,0.290155013,1022.453455
55139,5.890776017,1164.356901
55141,0.294161225,779.2796329
56001,1.709755845,1313.065384
56003,0,73.31001778
56005,0.5983432,51.68946718
56007,0.539972136,963.9740596
56009,0.558589799,230.9768097
56011,0,49.87709944
56013,0.901563798,67.57160485
56015,0,1018.998196
56017,0,70.00725275
56019,0.884597323,63.182085
56021,3.728463212,1273.074613
56023,0,789.1438391
56025,1.168671238,112.1575181
56027,0,137.1998317
56029,0.753117207,78.37317665
56031,1.262715819,1062.605926
56033,1.864164227,36.56633878
56035,0.151039027,520.3380639
56037,1.649197269,863.4770714
56039,10.78489467,137.4457955
56041,0.558898596,851.7299009
56043,0,66.22236228
56045,0,50.44626909
72001,0,0
72003,0,0
72005,0,0
72007,0.113329117,0
72009,0,0
72011,0,0
72013,0,0
72015,0,0
72017,0,0
72019,0,0
72021,1.825245401,0
72023,0,0
72025,0.117963609,0
72027,0,0
72029,0.421808511,0
72031,0.931000545,0
72033,2.187146595,0
72035,0,0
72037,0,0
72039,0,0
72041,0,0
72043,0,0
72045,0,0
72047,0,0
72049,0,0
72051,0,0
72053,0,0
72054,0,0
72055,0,0
72057,0,0
72059,0,0
72061,3.3923012,0
72063,0.055763824,0
72065,0,0
72067,0,0
72069,0,0
72071,0,0
72073,0,0
72075,0,0
72077,0,0
72079,0,0
72081,0,0
72083,0,0
72085,0,0
72087,0.905778096,0
72089,0,0
72091,0,0
72093,0,0
72095,0,0
72097,0,0
72099,0,0
72101,0,0
72103,0,0
72105,0,0
72107,0,0
72109,0,0
72111,0,0
72113,0,0
72115,0,0
72117,0,0
72119,0.821639223,0
72121,0,0
72123,0,0
72125,0,0
72127,2.253565497,0
72129,0,0
72131,0,0
72133,0,0
72135,0,0
72137,0.032496579,0
72139,1.656750396,0
72141,0,0
72143,0,0
72145,0,0
72147,0,0
72149,0,0
72151,0,0
72153,0,0
