"GEOID","mean_EV_range"
1000,244.435185185185
1001,244.261497263942
1003,239.013292949689
1005,246.162780064015
1007,248.075116478083
1009,244.82172489083
1011,245.690295045463
1013,248.571701315231
1015,239.106465127742
1017,243.9458005147
1019,248.158126036484
1021,244.179008044594
1023,252.094074773924
1025,251.117786187323
1027,250.534749508841
1029,250.799003510361
1031,242.631695131869
1033,243.483357372684
1035,250.162337662338
1037,250.665393093314
1039,246.879971129556
1041,250.518196909718
1043,244.246484662311
1045,243.420739270652
1047,244.871028651178
1049,243.134784553452
1051,241.870985784199
1053,246.093002591633
1055,238.849437627812
1057,248.834743238413
1059,246.697702539299
1061,247.238798283262
1063,246.838034010784
1065,249.477156728495
1067,248.140850931031
1069,239.432736636624
1071,244.207548256986
1073,232.541212941707
1075,249.790560066052
1077,241.141586261839
1079,248.245458606313
1081,239.47158629934
1083,241.913784764208
1085,247.863678373383
1087,242.007021517554
1089,233.902926628195
1091,249.561609840311
1093,247.573883453849
1095,241.088651884327
1097,236.623444518077
1099,250.144809037117
1101,234.174721633482
1103,239.473801147936
1105,248.888615384615
1107,250.299072908321
1109,247.751897205933
1111,247.561817235998
1113,240.041720990874
1115,241.497151180225
1117,237.245484872886
1119,247.384702093398
1121,241.43686406902
1123,245.661944793804
1125,238.719555614162
1127,242.735842985843
1129,252.482186660437
1131,249.363604852686
1133,247.735807113543
2000,246.103703703704
2013,262.244897959184
2016,251.109552077712
2020,228.238025817054
2050,257.878599911387
2060,243.805707346691
2068,237.531717380093
2070,256.690449438202
2090,236.747456395349
2100,243.976905311778
2105,236.173306772908
2110,233.126559872555
2122,235.491866769946
2130,235.822472910791
2150,241.786806247923
2158,258.427927927928
2164,251.232189973615
2170,233.318365695793
2180,256.507867607162
2185,258.57402422611
2188,259.701330108827
2195,249.913663034367
2198,251.046325322187
2220,236.27824315146
2230,228.819130434783
2240,242.74497716895
2261,243.252707581227
2275,252.224953902889
2282,241.079044117647
2290,252.356653992395
4000,245.270833333333
4001,247.792896254301
4003,236.133573562475
4005,236.631926281856
4007,241.903197647707
4009,245.950879522071
4011,251.87111977897
4012,238.818727573834
4013,230.80144178345
4015,234.635657610002
4017,240.710350526823
4019,231.900553481365
4021,236.168548950655
4023,238.342868708676
4025,233.97
4027,236.018579675124
5000,252.5
5001,252.576603034753
5003,254.28507982235
5005,242.1713232077
5007,237.759590721535
5009,245.618000421556
5011,248.394968119938
5013,257.955273496525
5015,246.061349218629
5017,251.63406881077
5019,248.25459737293
5021,251.798346659439
5023,248.323965123169
5025,253.69078253533
5027,249.354780389237
5029,248.844141186128
5031,240.861048042866
5033,246.658340971586
5035,241.425616140978
5037,250.236762097796
5039,251.113834551025
5041,251.52780586451
5043,251.680081768238
5045,241.579675908658
5047,252.507581803671
5049,249.706547777482
5051,239.385055963624
5053,251.397934029816
5055,247.30938669738
5057,247.887552883545
5059,249.168285062906
5061,252.821722198183
5063,247.687937453462
5065,251.37345513165
5067,250.323423672566
5069,241.249849234109
5071,249.267015218
5073,253.765437683782
5075,251.457715891671
5077,249.845409487845
5079,253.817415215399
5081,252.163924528302
5083,251.1676
5085,244.359440190124
5087,252.417419706042
5089,248.315602443087
5091,247.015650865312
5093,246.309585295458
5095,251.206404154046
5097,251.964614050304
5099,253.644550707312
5101,255.68340881021
5103,247.901315129003
5105,252.278205128205
5107,246.809425666392
5109,254.106647537064
5111,249.164332582509
5113,251.200356282092
5115,245.373992569306
5117,256.497654417514
5119,235.841088336504
5121,250.618512511585
5123,245.84661467164
5125,241.903211941232
5127,255.862671232877
5129,252.968114348543
5131,240.247496701079
5133,251.152086832924
5135,246.575781968721
5137,249.248300735192
5139,248.193365754518
5141,250.778281055373
5143,238.392969538626
5145,247.189749820014
5147,252.846535824072
5149,250.593107809042
6000,226.976024411508
6001,224.968725990871
6003,247.993723849372
6005,240.920288692863
6007,233.427370309128
6009,239.933309715703
6011,247.268251273345
6013,228.808196319018
6015,234.327425024306
6017,235.1328929691
6019,232.798028100438
6021,244.270746533707
6023,232.213869406302
6025,232.776306875917
6027,239.292976294996
6029,235.059882000796
6031,240.126530307555
6033,235.783088965709
6035,243.283733072279
6037,224.880839471295
6039,238.111935847306
6041,229.747240678711
6043,241.623213999037
6045,235.252947215634
6047,236.376233833702
6049,246.087525667351
6051,242.786554428044
6053,233.176504530689
6055,236.893119193828
6057,234.337469612859
6059,226.227915601178
6061,234.287860823075
6063,242.151872238158
6065,229.337419458332
6067,228.552254052186
6069,239.331606217617
6071,228.868226481847
6073,225.971806418515
6075,223.728513439386
6077,231.696532382385
6079,234.064774520587
6081,225.661636572615
6083,230.649680715198
6085,226.031088927069
6087,229.461786275537
6089,235.157036306121
6091,250.087352625938
6093,237.131194441606
6095,231.607822640359
6097,231.530761805323
6099,233.182517298054
6101,239.544205873066
6103,240.045523724261
6105,242.260248252842
6107,236.224763898788
6109,239.446448304823
6111,228.983006147827
6113,234.505304690925
6115,238.498495880019
8000,242.573333333333
8001,233.227424159285
8003,242.776543713063
8005,230.79717130953
8007,250.452579227388
8009,257.571038251366
8011,251.193944139911
8013,228.704829297917
8014,236.379668379509
8015,239.310922902296
8017,260.011220825853
8019,242.111268878275
8021,249.952332361516
8023,249.980277902286
8025,245.938030006523
8027,253.412453760789
8029,241.604780507184
8031,229.309666630312
8033,259.569808027923
8035,236.021081504702
8037,234.223664811908
8039,244.625817927705
8041,231.117622703355
8043,239.639245740751
8045,238.929870500857
8047,248.458221024259
8049,244.376346099822
8051,246.14587012987
8053,258.409330985916
8055,249.707787732598
8057,262.861395348837
8059,230.334780773174
8061,258.828680897646
8063,254.738279400158
8065,244.357313006193
8067,240.661746296683
8069,232.583050463906
8071,247.590081405313
8073,250.737670949026
8075,244.828732692477
8077,236.062442551627
8079,261.804394046775
8081,251.572160546541
8083,246.06862745098
8085,242.363033662914
8087,246.04772968667
8089,246.23191930109
8091,250.960661600358
8093,246.949299474606
8095,252.248751486326
8097,240.080485338726
8099,249.830474268416
8101,237.526575276575
8103,259.885342789598
8105,249.321795629061
8107,241.749565792738
8109,247.484521977082
8111,254.20399113082
8113,244.450251779823
8115,250.098952270081
8117,236.609359605911
8119,243.775049716996
8121,251.783252273208
8123,237.837250436667
8125,253.377751572327
9000,244.645161290323
9001,226.310631320033
9003,226.956288738438
9005,233.334682647608
9007,233.343342893673
9009,227.428092854609
9011,231.662567188595
9013,233.835768579418
9015,235.131794741736
10000,241.363636363636
10001,232.720425627384
10003,227.80007543486
10005,231.704951408871
11000,205.266666666667
11001,225.31178508579
12000,210.4140969163
12001,233.512767446815
12003,248.293879090823
12005,236.205557594156
12007,245.742726594554
12009,231.48628524969
12011,227.217887904132
12013,249.839157637723
12015,234.370232291368
12017,236.202340846734
12019,236.498972712681
12021,230.86984810486
12023,239.978538283063
12027,241.631453664943
12029,247.304101490331
12031,231.042772562112
12033,233.409893602321
12035,236.224523247911
12037,246.880376136889
12039,241.942490494297
12041,248.095990003408
12043,245.620949631056
12045,247.079969340828
12047,246.38742822605
12049,246.561843409316
12051,240.242486139481
12053,235.48848567068
12055,237.165696253167
12057,230.389118321862
12059,246.929837164751
12061,235.558717314251
12063,245.190378638033
12065,248.56725070858
12067,252.655493482309
12069,234.272991732163
12071,230.501825027856
12073,234.111323345073
12075,243.354099975376
12077,252.629429133858
12079,248.39573856835
12081,233.026334951456
12083,233.99938414544
12085,233.468944611025
12086,226.422032996275
12087,233.43400851503
12089,241.793403964457
12091,235.856107564684
12093,242.406559766764
12095,228.705108485781
12097,230.771645140105
12099,229.461448999984
12101,232.529448811551
12103,228.217298521034
12105,233.051081172396
12107,239.099889513861
12109,235.443362883133
12111,232.299336466685
12113,239.179433225861
12115,231.143078007412
12117,232.33146405449
12119,238.755837392911
12121,242.399378294364
12123,249.490692807578
12125,250.184760724795
12127,231.226439648628
12129,246.296941478687
12131,238.092583742451
12133,247.624844244225
13000,243.091240875912
13001,249.975536193029
13003,250.35201793722
13005,252.386673231577
13007,252.479093395858
13009,241.397173348716
13011,247.059818322381
13013,237.711657265646
13015,238.956990512036
13017,246.151584574265
13019,248.593334886973
13021,235.51578820262
13023,247.658038147139
13025,248.211662019639
13027,247.664648622982
13029,243.374935798665
13031,242.952192548632
13033,245.714494607933
13035,242.778371391642
13037,250.314620234164
13039,241.524475104979
13043,247.602873104549
13045,238.708992265959
13047,239.618750998243
13049,247.018766290182
13051,232.422416197222
13053,244.059138585137
13055,246.547066349845
13057,235.501833878795
13059,233.314448226442
13061,249.291150848235
13063,229.185835427136
13065,252.368191721133
13067,229.972909601783
13069,245.383663182863
13071,243.049979600163
13073,238.268314275175
13075,246.923503861004
13077,239.052855137771
13079,244.926519706079
13081,245.624609897459
13083,243.713802751224
13085,243.767363355599
13087,246.664007092199
13089,226.443006280767
13091,244.77625464684
13093,248.113843991567
13095,236.044840738068
13097,234.219329298466
13099,250.177435387674
13101,251.103839122486
13103,242.814585115483
13105,246.002805184755
13107,246.121341973244
13109,248.00654691959
13111,244.113102827571
13113,235.525698387036
13115,238.229426323698
13117,236.562015621676
13119,244.179529047783
13121,228.667718300147
13123,243.516251466427
13125,257.177804779263
13127,236.613032333498
13129,241.631747965229
13131,244.36195743883
13133,244.622857658308
13135,228.620262444102
13137,242.822994011976
13139,235.020110445029
13141,245.677558685446
13143,244.499654298225
13145,244.633442937389
13147,243.58818513063
13149,247.780286343612
13151,234.57522745411
13153,237.008888062477
13155,251.183839479393
13157,239.306780204184
13159,246.232810081804
13161,251.72977412731
13163,245.832142006195
13165,251.509621353197
13167,250.0164878824
13169,244.547773346627
13171,245.064288676898
13173,249.509351974306
13175,241.616597991244
13177,245.669677633215
13179,240.014869466515
13181,247.734390820115
13183,245.615873015873
13185,238.39781420765
13187,242.765866514709
13189,245.0671253254
13191,245.640037095919
13193,244.459974587039
13195,243.673474001507
13197,247.730769230769
13199,244.285638203444
13201,254.640099009901
13205,246.661304161304
13207,244.70675703714
13209,251.069872585286
13211,246.046343612335
13213,243.083622183709
13215,232.272518901167
13217,235.835003420661
13219,240.742990962465
13221,243.915186308492
13223,238.051240461533
13225,240.632029444492
13227,244.019905028296
13229,249.541152496321
13231,245.715341440599
13233,243.849781428004
13235,246.809355856692
13237,244.289894990532
13239,249.639599555061
13241,246.692684278589
13243,250.715044675199
13245,233.176320010922
13247,234.055384190415
13249,252.223862238622
13251,247.929091605979
13253,250.778736687477
13255,237.429583479877
13257,243.390694298847
13259,248.514679872657
13261,241.307909090909
13263,246.593623804463
13265,246.242718446602
13267,247.374350649351
13269,249.356069364162
13271,247.647038685382
13273,247.640274429816
13275,243.410090725148
13277,241.98099024214
13279,244.507378904482
13281,246.563806694847
13283,247.956046624575
13285,238.323541842773
13287,250.178154205607
13289,245.217699115044
13291,244.253465198172
13293,242.504515911201
13295,241.444473505257
13297,237.963214256519
13299,241.128806007096
13301,247.013213780085
13303,247.036467116357
13305,245.830822212656
13307,251.83848638671
13309,249.418300653595
13311,244.80423205283
13313,236.909884977947
13315,250.751485568761
13317,247.528409947249
13319,249.133442088091
13321,247.847160178685
15000,240.666666666667
15001,237.11887492764
15003,231.724352677694
15005,248.421052631579
15007,239.165816775101
15009,234.224571676426
16000,250.35
16001,230.769021849285
16003,255.963858363858
16005,237.058116670308
16007,252.293062672448
16009,249.179374584165
16011,243.209432902864
16013,236.768861556922
16015,250.318133776234
16017,239.70827217446
16019,236.776123824335
16021,246.967892586106
16023,249.027402135231
16025,258.954128440367
16027,235.586544619983
16029,252.677737881508
16031,247.358984375
16033,251.633405639913
16035,252.978761348898
16037,254.469373549884
16039,242.527134511156
16041,245.457155879672
16043,247.116006225308
16045,244.630746629796
16047,246.38846945779
16049,248.183646917534
16051,244.011571986775
16053,244.976303317536
16055,234.246531513676
16057,240.132376961864
16059,248.803767176162
16061,253.712606837607
16063,249.022828154724
16065,239.777078965758
16067,248.398380633025
16069,241.797521392741
16071,249.101952277657
16073,246.779542566709
16075,243.954374375912
16077,250.733821138211
16079,244.157534246575
16081,244.688763032565
16083,240.30486663547
16085,248.702308626974
16087,246.114653826132
17000,223.537572254335
17001,238.841001024756
17003,244.648459746311
17005,245.029202545863
17007,236.868485028165
17009,249.155881507046
17011,243.084016064257
17013,247.986540664376
17015,243.822334384858
17017,244.169381107492
17019,231.748182559665
17021,242.233386967015
17023,246.608695652174
17025,245.589042958129
17027,242.132650668334
17029,239.390543768442
17031,225.161897225733
17033,246.10015357613
17035,246.089190981432
17037,235.335736989421
17039,243.036173430804
17041,241.115608919383
17043,226.336538289056
17045,245.842726081258
17047,251.728058208276
17049,239.496062433487
17051,246.185571636935
17053,242.393232364579
17055,242.665313181442
17057,243.037775010378
17059,251.741626794258
17061,248.242424242424
17063,237.872971323978
17065,250.642575039494
17067,246.969004176742
17069,251.470658207772
17071,247.719935617383
17073,242.212677388836
17075,242.029983108108
17077,237.840890089395
17079,249.532625189681
17081,238.713010301412
17083,245.017035942885
17085,241.757681692732
17087,247.099679438254
17089,229.357105063378
17091,232.924420395055
17093,234.071744680851
17095,238.73517917467
17097,228.741730672739
17099,237.700561845578
17101,245.638100512253
17103,239.69589715102
17105,240.645023696682
17107,241.071435356702
17109,241.894856353046
17111,230.347902772419
17113,233.460047802905
17115,234.736941813261
17117,242.481290654988
17119,234.401944656601
17121,241.278474239413
17123,243.030822432717
17125,245.62988376978
17127,244.428377645144
17129,244.733221241418
17131,249.443237304688
17133,243.089242854026
17135,242.838764700602
17137,241.298346571568
17139,242.036879432624
17141,239.675193227825
17143,231.836876504988
17145,243.78864142539
17147,243.368266405485
17149,247.360811667724
17151,251.60962914769
17153,245.778895768834
17155,245.724335965542
17157,244.016867882524
17159,243.384737291235
17161,234.557454516815
17163,233.440085238054
17165,244.096046287367
17167,232.957052604013
17169,251.235132662397
17171,251.74194460147
17173,246.703425229741
17175,245.058947924927
17177,236.980965058236
17179,235.533036645016
17181,243.232136632973
17183,238.341078066914
17185,246.445048966268
17187,244.477589825904
17189,248.971872686899
17191,246.818047701008
17193,248.412569758172
17195,238.55202149597
17197,229.684035337464
17199,238.189437931412
17201,229.85103682981
17203,240.374083129584
18000,241.65147691851
18001,235.831733627792
18003,229.985551052186
18005,236.844154153285
18007,244.842458851192
18009,243.310674077241
18011,237.770208985927
18013,244.558195269355
18015,243.817103501052
18017,239.279734889417
18019,236.434115955918
18021,243.993481661742
18023,240.410946810859
18025,245.125413450937
18027,237.818431157433
18029,239.412818471338
18031,243.669836282454
18033,239.46869586736
18035,235.784566901563
18037,244.364274844902
18039,231.679386861314
18041,240.718388099049
18043,236.715715444955
18045,245.495301271421
18047,244.054430598823
18049,242.200906801008
18051,244.666592361421
18053,235.37684580337
18055,244.381902860945
18057,233.200880082718
18059,237.712642624754
18061,242.460376887558
18063,236.4309495055
18065,238.710192283524
18067,235.854062854606
18069,240.736138474529
18071,239.965561672719
18073,242.267382702092
18075,239.844729344729
18077,241.586757821208
18079,242.263369422572
18081,235.030851957654
18083,243.477597986336
18085,236.764053520115
18087,239.02537457709
18089,230.193862041218
18091,235.965402298851
18093,242.422828692606
18095,236.522776741294
18097,227.7376718493
18099,238.808876425044
18101,244.509296560273
18103,239.704600674034
18105,235.985994291151
18107,242.119986719788
18109,239.62635345935
18111,243.716010314112
18113,240.397310136344
18115,246.725454953943
18117,247.149182702255
18119,244.023157325644
18121,245.977026544459
18123,246.595195448319
18125,248.175959149876
18127,235.087115127175
18129,246.673876166243
18131,241.671106557377
18133,244.023123817532
18135,242.917574692443
18137,240.87792733214
18139,244.21504202598
18141,230.30795079008
18143,242.533786137234
18145,239.327533862681
18147,247.531058089198
18149,242.237648913805
18151,241.195146042049
18153,246.155487804878
18155,247.964898473162
18157,234.446681782801
18159,244.312755758213
18161,246.345571918499
18163,234.029271569788
18165,246.428453753824
18167,237.837650004317
18169,240.789363516552
18171,248.476141611083
18173,240.525530403005
18175,244.365577308463
18177,236.71187313356
18179,237.900771592135
18181,242.665052461663
18183,240.893984220907
19000,NA
19001,249.751111111111
19003,249.282563951779
19005,244.461752433936
19007,243.726016785023
19009,249.418413855971
19011,243.946586082979
19013,232.610025787294
19015,240.351924013639
19017,239.17079736378
19019,241.933353745662
19021,242.551101187456
19023,244.089959444513
19025,244.629050102734
19027,242.828246249353
19029,245.396048109966
19031,245.081497579769
19033,236.541400038782
19035,244.367361306674
19037,244.207085965394
19039,246.215444617785
19041,239.413067800403
19043,243.719667104687
19045,241.936729767501
19047,245.61003163127
19049,237.646242566228
19051,246.123474776908
19053,247.540559814584
19055,244.610472408027
19057,238.666622216296
19059,239.306076592419
19061,235.346133141934
19063,244.352179836512
19065,240.973226238286
19067,241.272748871466
19069,242.467756315007
19071,250.480941090644
19073,244.084534101825
19075,244.330979220426
19077,246.733961233961
19079,241.835991153533
19081,242.932962447844
19083,242.59725498606
19085,245.657083057942
19087,243.643895205141
19089,244.260009495173
19091,246.73247148289
19093,248.722830494728
19095,245.198912695875
19097,243.834115056954
19099,241.186894355221
19101,238.699372759857
19103,233.810341432678
19105,242.651108968177
19107,247.199801333901
19109,244.739949168207
19111,242.265147265077
19113,232.881721070015
19115,244.880043179058
19117,245.248043552229
19119,241.952698942682
19121,244.114169533938
19123,241.008165180666
19125,241.351303838265
19127,240.876115843271
19129,246.810406035057
19131,243.73576686195
19133,247.11421026572
19135,247.358988764045
19137,244.514817572599
19139,240.611266887586
19141,241.495191691242
19143,245.439593047902
19145,244.452325723355
19147,243.885504389894
19149,242.017129356172
19151,245.964749176835
19153,229.140638063806
19155,237.167929405473
19157,244.728732117506
19159,252.372558965255
19161,247.590979782271
19163,233.377880184332
19165,244.320374275171
19167,241.080052091313
19169,235.714639338581
19171,244.248301886792
19173,249.324216284452
19175,244.276077018978
19177,247.450685947349
19179,239.476701999004
19181,238.960375146542
19183,241.518831397395
19185,249.82772572402
19187,239.773039287279
19189,242.816855502095
19191,242.538295021132
19193,235.454047180567
19195,245.01551691905
19197,242.622693364743
20000,247.25641025641
20001,248.440134907251
20003,248.395001797914
20005,246.4409139593
20007,257.241580851656
20009,246.346844535659
20011,247.436934608426
20013,245.015453960077
20015,244.813413843006
20017,255.166534496431
20019,257.952068965517
20021,249.042716433385
20023,254.812403100775
20025,257.832328767123
20027,248.408043940468
20029,246.730225248821
20031,250.259705698184
20033,261.441558441558
20035,245.043706552285
20037,244.333308963299
20039,254.148524923703
20041,246.801652070064
20043,250.590863952334
20045,235.819182795699
20047,258.753099173554
20049,259.823505654281
20051,244.231659588642
20053,252.199506283662
20055,242.308984047019
20057,244.162772401857
20059,243.897741273101
20061,241.962827640985
20063,254.582456140351
20065,251.711939636041
20067,250.545728038508
20069,253.272497365648
20071,257.348314606742
20073,256.667121418827
20075,256.059413890004
20077,251.748729121278
20079,241.910427906289
20081,255.748471882641
20083,259.295668549906
20085,248.663393558523
20087,247.268762088975
20089,255.601848560256
20091,231.547384871848
20093,253.489375
20095,252.625904486252
20097,250.243255813953
20099,246.458833014209
20101,260.074688796681
20103,239.754862524253
20105,254.163366336634
20107,248.904462854089
20109,253.622353349531
20111,243.740257635907
20113,244.770593649333
20115,248.246507254164
20117,251.75772155828
20119,256.230814294083
20121,243.632419613587
20123,252.09128716989
20125,245.460913623934
20127,252.722593582888
20129,253.618130766145
20131,248.433632498819
20133,247.849629539657
20135,261.05527638191
20137,252.169449289808
20139,246.9013016412
20141,252.360354848578
20143,252.028289755679
20145,250.999275187243
20147,253.047431744563
20149,242.613353388485
20151,250.260727772056
20153,256.109751575825
20155,238.779763839237
20157,250.932692307692
20159,249.973978315263
20161,239.841814801905
20163,252.497504159734
20165,252.979834710744
20167,250.394358088659
20169,237.717175657601
20171,256.273344651952
20173,231.597007448708
20175,244.926083170041
20177,234.242703735424
20179,257.508723235527
20181,248.946381288614
20183,254.539151225344
20185,256.629163168206
20187,252.789741219963
20189,254.741656050955
20191,247.92276903484
20193,249.495394618024
20195,257.094313925775
20197,249.982485875706
20199,260.523243243243
20201,252.325448970653
20203,257.421195652174
20205,252.537764839075
20207,255.668801138385
20209,232.195392080602
21000,245.67277486911
21001,246.679150933769
21003,247.285875243265
21005,243.332719819292
21007,250.194741784038
21009,244.510666922929
21011,246.405011899762
21013,245.610496941075
21015,233.933383886256
21017,247.20917236728
21019,238.036457326892
21021,242.200578034682
21023,247.474757952974
21025,244.071907957814
21027,246.658173076923
21029,238.833050287763
21031,246.818899745683
21033,248.112931858528
21035,243.129548329489
21037,235.704607435051
21039,249.253884572697
21041,246.054426024398
21043,244.547114947751
21045,244.630442648655
21047,241.440567187327
21049,242.534191358461
21051,246.146850444416
21053,250.304718217562
21055,248.257122379502
21057,249.522751322751
21059,238.1806476617
21061,247.132825258574
21063,249.91432981734
21065,246.046657754011
21067,232.162785963305
21069,247.031277477704
21071,243.699051940686
21073,238.221780237519
21075,242.688337610493
21077,243.380994989263
21079,245.590329151925
21081,243.41817682592
21083,244.804940813176
21085,243.593352965923
21087,247.714880952381
21089,241.576817201101
21091,247.638098542679
21093,238.107482379938
21095,243.728482328482
21097,246.167066931189
21099,243.815272806161
21101,242.404277124898
21103,246.534973097617
21105,251.045020870602
21107,242.546152332218
21109,248.145758832785
21111,229.427162080435
21113,237.610280898876
21115,246.130449069003
21117,233.303571428571
21119,246.489352196575
21121,242.351807435326
21123,245.073258319368
21125,240.062626603646
21127,245.834131814062
21129,248.269089236431
21131,250.499027237354
21133,246.102506184791
21135,248.793093566414
21137,244.904828097489
21139,250.213659961064
21141,244.735862853429
21143,249.132792327554
21145,238.641815973277
21147,245.185494742518
21149,248.415418652144
21151,238.894576082932
21153,250.492196484311
21155,246.964551050732
21157,245.333851506403
21159,249.084066471163
21161,244.215255407271
21163,244.827627011676
21165,249.107759562842
21167,245.558839528558
21169,246.697463489623
21171,251.380147510756
21173,243.981375606376
21175,249.561040105773
21177,245.551833070081
21179,243.975374862855
21181,251.499794153973
21183,244.618279065403
21185,238.666442083441
21187,246.706726825267
21189,250.75083948959
21191,246.77657480315
21193,242.555675041549
21195,244.859728506787
21197,245.091529277999
21199,240.131710808876
21201,251.588028169014
21203,245.400688999762
21205,242.563761693747
21207,245.183011339773
21209,241.605830315265
21211,241.954871018459
21213,245.846322837117
21215,245.771114782778
21217,244.395251271981
21219,247.666807790008
21221,246.05283999505
21223,247.764632848528
21225,250.040026863667
21227,238.201343548326
21229,246.776329930145
21231,245.276136601718
21233,246.379668901355
21235,241.367149390244
21237,249.501206934387
21239,242.292883653381
22000,257.533333333333
22001,248.24051262909
22003,250.705086705202
22005,243.997127937337
22007,251.187163213986
22009,251.17033844189
22011,248.629040969061
22013,251.984255202629
22015,241.37291987986
22017,236.064359267735
22019,242.360220233999
22021,256.367844966804
22023,261.986095537116
22025,254.015515903801
22027,250.305298570227
22029,250.119917917148
22031,249.874522071602
22033,235.945463414634
22035,251.461876832845
22037,249.689871996407
22039,249.089020492574
22041,251.919213973799
22043,252.850973165956
22045,245.990078544853
22047,250.699535747447
22049,250.860052910053
22051,230.933376439283
22053,250.751894591802
22055,239.015679012346
22057,246.098387010342
22059,255.056590359733
22061,244.096737986671
22063,243.48272470709
22065,250.353371242892
22067,247.071873117848
22069,247.781436667177
22071,230.265392717424
22073,239.594938162882
22075,247.777135782088
22077,252.474108293941
22079,241.789368664698
22081,252.237950664137
22083,250.131581927302
22085,252.753634655326
22087,239.416053194016
22089,242.624684649719
22091,248.899221032132
22093,249.342452940489
22095,240.549927970278
22097,244.782268439108
22099,248.265009792666
22101,245.525232164711
22103,236.690769505445
22105,240.56348670325
22107,257.20504947117
22109,244.230854232728
22111,251.456284987277
22113,249.769281607296
22115,247.928861653234
22117,246.042478416991
22119,247.869378093394
22121,249.096590909091
22123,256.033017270572
22125,253.271353370691
22127,252.622763273687
23000,251.791666666667
23001,233.765912777937
23003,242.14571236477
23005,231.658456728217
23007,243.258845944475
23009,238.347146899316
23011,237.541489687787
23013,239.312522070768
23015,241.499551703527
23017,238.72033794539
23019,237.590855179747
23021,247.344103194103
23023,240.695088785794
23025,243.258880066862
23027,239.150513196481
23029,243.812035216685
23031,234.35683308119
24000,213.626262626263
24001,235.635332059245
24003,229.609684519442
24005,228.931753060693
24009,236.747819859291
24011,238.77076318743
24013,234.789391423269
24015,236.483786382309
24017,233.396689399911
24019,238.376635930993
24021,232.892138338947
24023,244.536073381549
24025,233.210549360733
24027,229.343103877771
24029,241.308989840905
24031,226.461456142986
24033,226.277658990709
24035,237.814166936616
24037,235.455240045685
24039,240.426825542316
24041,237.867371695179
24043,231.193167305236
24045,231.358889874541
24047,233.465498825037
24510,224.543154647127
25000,212.8
25001,230.888386300887
25003,232.479137990365
25005,228.814895845456
25007,231.097222222222
25009,227.652580695462
25011,235.400090467036
25013,228.150259067358
25015,231.453854870525
25017,226.789007186115
25019,233.004495747266
25021,229.107024966293
25023,230.724525063762
25025,225.288241838756
25027,229.06237148732
26000,236.522123893805
26001,245.141645885287
26003,249.320127118644
26005,237.390673328575
26007,242.92250552098
26009,242.594028479559
26011,242.452671434581
26013,250.654491609082
26015,239.904706294523
26017,234.90910459747
26019,240.200569301511
26021,233.705794351602
26023,241.91853157572
26025,235.753837194792
26027,241.590923720631
26029,240.691285081241
26031,242.637704453059
26033,242.799132164166
26035,242.617993273543
26037,238.177284087753
26039,241.766103721417
26041,242.650203708323
26043,244.476111168939
26045,237.125303300829
26047,238.698976209767
26049,231.630302233903
26051,242.799712849964
26053,246.924216700108
26055,234.927166424946
26057,242.277210884354
26059,241.208577555397
26061,239.500275431509
26063,241.702902519168
26065,230.399264800722
26067,239.295289971163
26069,241.94358974359
26071,247.849106551952
26073,239.913325823338
26075,236.53095914182
26077,231.676873165456
26079,244.870919367863
26081,228.395459024298
26083,251.187912087912
26085,244.776811594203
26087,236.266621997732
26089,241.611930665683
26091,237.314883697862
26093,232.079086357089
26095,250.994881059922
26097,246.12506219937
26099,226.050666450921
26101,242.439976345358
26103,239.594591138674
26105,241.429456958268
26107,242.649808927555
26109,245.606356693621
26111,235.823717288275
26113,243.786071670047
26115,235.936809960066
26117,239.874431357886
26119,248.509168364512
26121,234.428255734207
26123,240.481860024367
26125,226.996981746754
26127,243.342110091743
26129,243.802247701215
26131,246.57045751634
26133,244.363386173492
26135,244.318831822759
26137,244.094922071393
26139,231.98468981218
26141,248.734313428312
26143,240.979253960143
26145,233.300011066436
26147,232.89418497465
26149,240.165407066052
26151,239.524395019187
26153,249.361883408072
26155,239.461792395158
26157,239.824277043913
26159,238.450297321476
26161,229.478736535009
26163,225.213359887688
26165,240.629903453075
27000,238.03488372093
27001,241.559712907401
27003,229.710285224884
27005,238.70853611433
27007,238.505250614434
27009,235.288572698977
27011,244.533406957482
27013,234.787710787711
27015,238.856050468362
27017,238.818376596621
27019,234.71333364622
27021,239.455720594139
27023,243.738048262255
27025,236.76864144102
27027,236.020351105332
27029,245.738714816782
27031,242.002428363283
27033,241.126293685316
27035,235.301889714994
27037,229.155753593636
27039,239.878238607271
27041,239.391433229584
27043,241.760872337712
27045,240.941634634837
27047,238.53708999159
27049,238.109289272876
27051,246.629545967924
27053,224.816194523935
27055,240.026830631638
27057,240.229595352959
27059,236.504678684464
27061,241.20288326301
27063,244.828058727569
27065,239.993664833851
27067,236.089238294899
27069,246.972955974843
27071,245.531882514077
27073,244.928899584336
27075,242.005161480608
27077,250.449596774194
27079,240.431396888448
27081,246.912116240919
27083,239.340076771449
27085,237.480278071634
27087,244.700105226236
27089,248.554427721386
27091,241.504370629371
27093,239.496642989199
27095,237.250355871886
27097,239.588345571005
27099,235.847041198502
27101,244.044131281291
27103,237.637934042924
27105,238.139023136247
27107,245.64028466681
27109,231.031037901319
27111,238.929598831329
27113,240.971346270467
27115,237.942944214002
27117,242.656763369451
27119,241.659646385855
27121,243.113744075829
27123,225.634481137619
27125,246.089947089947
27127,242.200921052632
27129,244.674569503369
27131,234.7441000853
27133,242.357803153888
27135,243.835009797518
27137,232.344881782151
27139,233.265599565925
27141,234.590410006949
27143,242.284595619723
27145,231.447401400663
27147,236.826263573158
27149,242.178240740741
27151,242.511221063792
27153,240.439924134661
27155,245.714144736842
27157,241.112690152122
27159,239.674190514577
27161,239.524307550856
27163,232.134140955265
27165,240.957317073171
27167,242.721351291676
27169,236.784073506891
27171,233.159663865546
27173,242.697412634409
28000,237.018691588785
28001,247.00643323224
28003,243.278976693086
28005,251.510785281263
28007,248.001549463647
28009,246.296380885453
28011,243.153423423423
28013,249.619133574007
28015,254.503303964758
28017,246.170827525028
28019,250.017072702858
28021,248.858957795004
28023,249.994309559939
28025,247.561227932081
28027,242.620705827178
28029,246.801390540664
28031,249.820496083551
28033,237.881559718347
28035,240.458436584816
28037,252.947192652891
28039,250.184710904152
28041,253.5203685742
28043,247.0878621273
28045,243.752447822726
28047,237.451004042248
28049,234.919403177468
28051,243.893210114234
28053,248.478433201212
28055,256.928149606299
28057,248.345824976248
28059,239.93182955464
28061,251.746204453441
28063,247.412250516173
28065,248.476550447393
28067,244.838539898132
28069,249.256212349398
28071,242.784859018926
28073,244.857490358944
28075,241.008040201005
28077,250.823818470877
28079,248.780045351474
28081,239.309440227704
28083,241.292170526747
28085,248.992006459427
28087,241.444945900596
28089,239.877551020408
28091,250.618124569517
28093,241.927883292045
28095,244.555537551649
28097,243.177318007663
28099,249.125541924177
28101,248.120093928212
28103,246.681547081149
28105,243.897043373856
28107,245.646850044366
28109,243.267758902122
28111,251.489958033573
28113,243.460661258227
28115,245.829573934837
28117,245.295538651316
28119,244.862262311068
28121,239.343848354793
28123,245.096313154301
28125,252.335654085746
28127,246.077567336062
28129,253.062732095491
28131,247.245747800587
28133,242.72631455674
28135,248.207642645263
28137,245.420582047686
28139,248.231461637377
28141,246.662495989734
28143,241.882450944095
28145,245.739138208475
28147,249.863833356634
28149,244.586559062991
28151,240.151952136228
28153,251.502420353484
28155,250.67257252041
28157,250.791903719912
28159,250.023647001463
28161,248.526245945149
28163,249.172297664313
29000,258.553191489362
29001,241.883812688194
29003,247.661687571266
29005,251.610518481766
29007,245.448858275146
29009,245.850971620299
29011,247.952189578714
29013,248.024721333186
29015,245.415810502283
29017,248.795067621321
29019,235.673140344449
29021,239.887521012558
29023,243.138885121389
29025,248.40347107438
29027,243.452243447357
29029,240.741014799154
29031,238.942831473425
29033,250.627783316717
29035,250.736036291466
29037,238.533649663899
29039,245.708139819115
29041,254.249820531228
29043,240.728443833734
29045,249.9789520824
29047,235.80009009009
29049,245.109775565781
29051,239.045653677657
29053,245.305397885364
29055,243.316779792078
29057,250.373071053078
29059,246.393064193106
29061,246.874075410428
29063,248.307717623828
29065,245.731362027629
29067,249.128610729023
29069,245.144868258347
29071,239.918989511488
29073,246.793666556328
29075,249.457762557078
29077,234.415057674581
29079,244.813257305773
29081,249.195383194829
29083,244.994251807899
29085,247.394841269841
29087,250.265960412601
29089,247.589123867069
29091,245.106104745258
29093,246.455292112196
29095,231.538454256286
29097,239.135799156765
29099,235.8346935609
29101,242.562319364162
29103,244.168827253542
29105,245.255784865541
29107,244.983492158775
29109,244.257146629696
29111,247.947501581278
29113,241.259794598707
29115,246.964345873105
29117,242.372595834991
29119,248.229207232267
29121,245.642142857143
29123,245.987974856518
29125,250.327671232877
29127,242.218386876282
29129,253.203703703704
29131,244.405328103293
29133,248.26832
29135,246.244608674582
29137,248.102138948765
29139,247.615101772817
29141,242.778796771827
29143,248.552443080072
29145,243.6588277672
29147,246.4431092346
29149,247.251088534107
29151,248.375399974402
29153,250.74241268873
29155,247.958020989505
29157,247.404460212874
29159,240.447227658187
29161,239.774863671774
29163,246.810151462597
29165,237.932731544454
29167,243.527577053532
29169,242.721207410286
29171,248.913245758073
29173,249.41054010773
29175,244.324906367041
29177,246.502394988946
29179,252.460045146727
29181,251.097605633803
29183,233.72575318803
29185,247.147706137632
29186,246.339567443318
29187,240.118554990042
29189,230.514326828805
29195,245.927689420132
29197,248.668103448276
29199,239.101389299438
29201,241.577946768061
29203,250.010277883517
29205,244.301251618472
29207,248.272840738892
29209,245.013158778113
29211,250.957724308523
29213,239.033683158421
29215,247.651680636695
29217,246.955204608661
29219,240.830422075715
29221,245.509367903104
29223,247.620932134096
29225,245.945101751065
29227,251.970087674059
29229,247.325645194066
29510,228.098681190906
30000,245.363636363636
30001,256.633897110641
30003,247.997504159734
30005,253.193333333333
30007,252.927348551361
30009,249.894707047835
30011,264.878533231474
30013,239.904974016333
30015,255.876015727392
30017,249.989967105263
30019,261.455799373041
30021,251.037686939182
30023,247.42545065689
30025,258.479374728615
30027,254.757424144609
30029,236.273076659117
30031,237.270655953951
30033,267.923771313942
30035,249.275827313959
30037,259.908564814815
30039,247.267115384615
30041,249.787531637139
30043,250.500909218072
30045,264.49678174371
30047,243.376004995707
30049,241.385525469036
30051,259.907042253521
30053,247.616930445648
30055,262.374928774929
30057,256.366007642466
30059,262.77103960396
30061,250.560361346838
30063,235.674917303525
30065,256.028263795424
30067,245.471224949094
30069,268.938775510204
30071,256.343704565281
30073,254.864722878907
30075,261.1399730821
30077,253.422280409426
30079,255.949704142012
30081,242.369935444205
30083,256.913134232498
30085,248.831008369868
30087,250.602491506229
30089,248.502922309337
30091,259.971469329529
30093,244.608866839909
30095,253.31441196465
30097,256.613037893385
30099,253.224322477795
30101,254.055480833894
30103,266.725568942436
30105,253.113526570048
30107,258.284582571603
30109,262.864836325238
30111,235.869893128791
31000,250.520766773163
31001,241.962250018725
31003,250.254566429533
31005,260.389285714286
31007,266.202739726027
31009,266.350877192982
31011,252.911803422554
31013,248.508719751251
31015,253.680367504836
31017,256.232859399684
31019,241.227659326576
31021,249.239415226884
31023,247.046163347229
31025,243.009367859863
31027,252.085594258708
31029,257.467136150235
31031,253.57360205493
31033,247.243587864576
31035,250.656832298137
31037,246.197677793904
31039,249.136938646426
31041,252.101762002043
31043,240.4274284542
31045,248.704431736955
31047,243.899413585274
31049,252.24118207817
31051,246.96719160105
31053,240.527978525707
31055,229.551865586608
31057,259.645619187469
31059,251.258167969533
31061,252.812930751559
31063,253.908949416342
31065,249.670205850488
31067,244.721073471183
31069,256.722124670764
31071,254.437246963563
31073,255.518830305716
31075,267.323325635104
31077,252.045610034208
31079,238.690264143305
31081,249.432068366165
31083,252.677900387712
31085,263.269340974212
31087,253.284662183798
31089,250.796627125911
31091,255.076003415884
31093,250.616372093023
31095,248.128296750043
31097,249.913775245987
31099,250.461747151384
31101,248.855104770397
31103,263.427801724138
31105,251.178327645051
31107,249.656629784147
31109,231.974927203855
31111,241.865846476016
31113,262.007992007992
31115,261.44420131291
31117,264.098639455782
31119,239.154188233579
31121,246.660781428805
31123,252.882635552505
31125,252.889665211063
31127,246.635999198236
31129,252.737302977233
31131,244.512795275591
31133,252.735272988506
31135,256.84717715769
31137,248.283301229812
31139,249.092875792615
31141,243.414328231293
31143,250.521748539277
31145,244.849253310792
31147,249.131399317406
31149,262.602498580352
31151,243.579803068468
31153,234.488756613757
31155,244.710934891486
31157,240.880305227975
31159,245.241823385119
31161,256.203067765568
31163,253.254619480113
31165,267.683195592286
31167,249.453444020642
31169,253.47049924357
31171,264.085964912281
31173,242.684563758389
31175,251.335635712458
31177,246.123534224161
31179,248.184390604772
31181,252.30328111144
31183,263.643343051506
31185,245.100483852819
32000,247.885193982581
32001,245.187851097296
32003,229.848763950122
32005,241.291529907412
32007,246.305905241474
32009,251.166274509804
32011,262.248301097752
32013,249.781548566879
32015,254.358091918972
32017,250.632707065361
32019,242.098826202196
32021,246.140636751065
32023,239.679197747369
32027,252.505248744865
32029,249.388260764975
32031,233.608022130014
32033,254.849093264249
32510,237.912742517305
33000,255.833333333333
33001,236.030762096151
33003,237.129296595721
33005,235.742648120518
33007,242.101838052658
33009,234.58929569592
33011,229.15207780725
33013,232.556660301574
33015,231.211701387995
33017,233.316450891916
33019,239.424862673293
34000,230.127516778523
34001,231.963706081684
34003,223.753802209443
34005,229.83811428132
34007,227.866415201765
34009,233.928407267681
34011,233.798125760069
34013,222.135947363741
34015,232.077492124212
34017,221.420396142519
34019,233.741456897764
34021,226.203626875408
34023,225.133352122884
34025,226.788592401547
34027,228.00735635231
34029,227.170198401464
34031,222.948734225427
34033,238.252307211012
34035,228.083662277797
34037,232.746996803938
34039,224.074222222222
34041,234.000203591351
35000,245.285714285714
35001,233.458656571684
35003,257.348804100228
35005,244.432002115842
35006,249.498058160462
35007,251.477753464624
35009,245.486377396569
35011,259.084754797441
35013,237.350659993561
35015,251.803331598126
35017,245.908595325218
35019,254.92867625477
35021,265.933171324423
35023,254.554755475548
35025,251.122235686156
35027,249.271657486229
35028,239.614288522013
35029,244.62604935131
35031,247.466927019771
35033,257.316947909024
35035,241.914804812178
35037,252.598789305532
35039,246.098226378588
35041,249.556183438383
35043,239.396409252315
35045,245.946986774872
35047,245.356453370699
35049,235.324538728942
35051,245.626049382716
35053,248.243142566881
35055,243.017791005291
35057,247.958282082821
35059,256.782608695652
35061,243.100632244468
36000,234.427710843373
36001,228.704444310801
36003,241.848995613022
36005,214.903223653474
36007,232.938978733259
36009,239.144890340644
36011,239.204739843193
36013,236.571930144544
36015,236.682771809438
36017,240.282723258795
36019,237.735587269226
36021,236.273277096928
36023,239.975136349054
36025,240.597282394644
36027,228.422301339481
36029,227.942784552846
36031,240.073829821457
36033,240.101301930954
36035,237.896540072983
36037,239.051971914168
36039,236.718729238389
36041,247.336676606126
36043,240.485605363481
36045,238.800906521103
36047,213.522831687692
36049,246.059627721106
36051,239.750447503241
36053,238.225752904909
36055,226.601790435549
36057,238.187961221241
36059,220.129642405427
36061,219.10648055261
36063,231.309834988318
36065,233.302784009415
36067,229.191779706999
36069,235.792392463562
36071,226.562071321219
36073,237.106193988421
36075,237.270056171684
36077,238.664485081809
36079,229.158024691358
36081,214.693609589927
36083,234.680984851578
36085,220.745576247598
36087,222.175145054648
36089,239.996533249291
36091,233.801790706963
36093,229.920414787337
36095,243.160689486153
36097,242.932621589561
36099,238.926166827811
36101,239.055213161514
36103,224.323409214003
36105,230.661830189623
36107,241.011969833253
36109,233.737314269694
36111,229.915437694493
36113,236.161658789106
36115,241.610346692303
36117,235.712208863625
36119,221.874377953414
36121,241.697102372234
36123,241.630169023068
37000,234.950704225352
37001,235.648211759951
37003,242.186951828363
37005,246.059047369112
37007,243.9669921875
37009,244.365496603041
37011,243.694199978793
37013,242.175410929823
37015,241.292662648098
37017,243.759210526316
37019,237.95405414921
37021,230.769612027425
37023,237.640300980875
37025,236.073557347949
37027,238.012543585564
37029,247.20117820324
37031,238.673810991512
37033,243.341505650747
37035,234.882462927144
37037,239.073856819091
37039,244.932123866124
37041,243.931259407928
37043,246.429907827762
37045,239.754900688044
37047,242.341040462428
37049,238.923893956915
37051,233.999887945766
37053,240.67709391784
37055,236.619477229191
37057,237.425909936238
37059,242.05526910376
37061,243.342413833945
37063,229.824150058617
37065,238.747933324299
37067,232.52231249548
37069,239.760257797894
37071,234.11785782231
37073,245.70103961787
37075,251.721083455344
37077,240.019149397852
37079,244.031181619256
37081,230.494989543395
37083,239.633451957295
37085,237.545907017081
37087,241.986637794444
37089,235.890882027404
37091,241.866045548654
37093,239.789971105225
37095,248.288950276243
37097,237.214616343244
37099,241.241732228643
37101,236.354449472097
37103,244.994509043928
37105,239.58343370196
37107,238.10669618814
37109,240.271484293084
37111,241.443909866017
37113,242.038382144239
37115,245.460936043259
37117,241.069393164821
37119,229.932192278389
37121,245.059835100118
37123,243.734823759791
37125,237.926681042933
37127,237.658648589547
37129,233.047637629825
37131,243.760191591272
37133,238.108175351298
37135,233.992791663402
37137,244.097390197327
37139,238.843197540354
37141,240.154399195576
37143,244.660291897333
37145,240.735837400383
37147,235.023328945444
37149,243.058001654564
37151,237.882792929471
37153,242.536795353604
37155,236.094332161687
37157,238.941321803582
37159,237.075032295106
37161,240.217395855139
37163,242.069705522126
37165,238.960184796304
37167,240.594566516025
37169,243.095022091311
37171,241.501273678848
37173,245.388437765119
37175,239.137513832534
37177,244.276125095347
37179,236.549347694612
37181,238.779859967051
37183,231.00131139515
37185,242.448522738731
37187,244.227684144819
37189,240.738847957133
37191,237.78370797935
37193,240.110652065704
37195,236.597424158575
37197,243.192147302239
37199,245.271539403838
38000,238.37037037037
38001,256.210830004439
38003,244.510345869204
38005,248.967026719727
38007,260.975018925057
38009,252.444288857772
38011,252.677816901408
38013,260.928451882845
38015,234.063236431464
38017,231.418442845506
38019,252.981694073844
38021,248.380005303633
38023,259.210039630119
38025,258.358417377812
38027,251.418408181414
38029,252.097672778561
38031,252.246291824767
38033,256.305628616518
38035,237.23396161162
38037,255.253574432296
38039,249.794376098418
38041,251.609766105868
38043,250.001220008133
38045,251.143758573388
38047,254.779989523311
38049,250.757562568009
38051,249.520454545455
38053,256.087909040488
38055,248.267107126003
38057,246.364576154376
38059,240.111869459481
38061,255.141811527905
38063,247.387007601935
38065,253.704545454545
38067,248.345077511576
38069,249.01640359022
38071,245.552243589744
38073,249.213451658104
38075,258.677391304348
38077,244.735036406269
38079,245.860696517413
38081,249.243020863944
38083,255.178027796161
38085,240.391821207798
38087,260.489265536723
38089,245.601044345725
38091,253.62023877203
38093,242.938470849304
38095,253.927488151659
38097,247.022550691681
38099,248.902509947964
38101,239.772753381025
38103,250.083949914627
38105,247.95713271824
39000,238.739316239316
39001,241.634696281339
39003,233.131898477157
39005,238.998878328119
39007,234.418852633824
39009,236.641349415756
39011,236.495149207909
39013,239.724818220701
39015,239.700269146073
39017,229.811945190513
39019,242.347259729944
39021,239.882910321489
39023,233.249021201152
39025,232.612807236803
39027,237.918529971456
39029,237.268749456852
39031,240.580071958294
39033,238.778842177808
39035,225.602115765868
39037,237.633690622621
39039,237.573875330785
39041,232.750798920294
39043,233.261958668529
39045,233.910143001993
39047,241.7854177047
39049,227.093476972635
39051,237.711361847284
39053,241.137107223842
39055,233.954007089133
39057,232.863137134891
39059,241.029541896399
39061,226.236769622534
39063,235.215642190863
39065,240.466045723963
39067,246.996143184283
39069,241.857539475967
39071,239.35194205871
39073,239.552121359617
39075,237.359419087137
39077,239.056581332125
39079,242.441403177599
39081,237.815803995144
39083,238.059375
39085,230.780597294096
39087,237.907087912088
39089,234.03196125908
39091,239.954980723791
39093,230.427460142936
39095,227.476117140313
39097,237.197539991934
39099,230.929977478136
39101,237.326530612245
39103,232.318173052199
39105,243.095921726408
39107,236.427832596121
39109,234.057190852518
39111,249.352872821175
39113,227.286085879438
39115,246.825777995589
39117,241.083095577746
39119,237.007696835242
39121,250.567464635473
39123,235.490905783921
39125,240.562177587532
39127,241.138803568817
39129,237.806288317678
39131,240.408947323487
39133,235.096318799142
39135,238.433378456778
39137,237.905868725869
39139,234.329778056623
39141,237.179661345883
39143,237.676141955653
39145,236.433298538622
39147,237.082446808511
39149,237.917234186146
39151,230.832007177768
39153,229.078338191188
39155,230.520734806808
39157,236.829407965554
39159,237.679110363321
39161,235.748758278146
39163,244.386809735671
39165,232.825299668452
39167,240.614713785935
39169,235.54477582461
39171,238.452575514373
39173,233.629817094214
39175,242.150743099788
40000,238.109756097561
40001,251.116075764934
40003,258.184395383843
40005,255.742760276875
40007,257.817669987007
40009,253.468208092486
40011,256.227257636122
40013,248.142245450538
40015,252.365929411765
40017,243.001399776036
40019,249.053389879742
40021,246.854757799028
40023,254.014228383802
40025,260.949323017408
40027,238.79487316851
40029,258.777308707124
40031,240.857348347855
40033,256.800202582932
40035,250.381940549635
40037,245.139252558915
40039,249.155295534716
40041,246.829562910208
40043,260.358999271314
40045,260.874813710879
40047,245.597113864668
40049,251.537534902274
40051,247.814251181189
40053,258.572041984733
40055,254.879396984925
40057,257.977044476327
40059,260.163429522752
40061,256.22654494382
40063,255.555104589447
40065,248.736117401939
40067,256.418574059458
40069,254.50064
40071,246.486262376238
40073,256.731280923584
40075,255.257910228109
40077,252.964078608247
40079,248.804724990771
40081,249.571624965631
40083,246.619450672646
40085,255.654019592598
40087,248.067971040507
40089,253.36774141803
40091,251.421221509183
40093,256.624122412241
40095,252.488127266347
40097,247.541699253466
40099,251.957506327428
40101,244.77973806689
40103,256.264407264407
40105,250.478957528958
40107,254.483532134591
40109,234.392153236867
40111,247.099752679307
40113,247.838755130797
40115,246.780874026893
40117,250.878629500581
40119,246.178834125594
40121,249.759332905709
40123,248.370315892695
40125,245.207334710744
40127,256.850037792895
40129,264.587291601132
40131,243.467829097357
40133,250.116453505145
40135,247.509454432734
40137,248.431852892663
40139,248.912113106611
40141,252.682039348424
40143,234.50105726127
40145,242.811742821711
40147,245.774670685421
40149,254.933158382217
40151,256.338650100739
40153,253.384615384615
41000,238.255319148936
41001,246.957556608741
41003,230.777306468717
41005,227.998289923704
41007,232.420459933618
41009,235.989396538282
41011,234.501065110679
41013,244.797424695332
41015,237.3993851109
41017,228.999390142485
41019,234.09719116825
41021,254.739726027397
41023,253.051814406933
41025,251.563003182925
41027,231.192647781235
41029,229.543204539314
41031,243.462023244394
41033,232.88043057384
41035,238.641966416063
41037,252.730890399602
41039,227.565316845586
41041,232.032095820803
41043,233.551164142364
41045,244.635707911957
41047,228.22556040886
41049,247.340278649429
41051,221.714035838559
41053,233.886641418489
41055,254.739628040057
41057,236.626127415891
41059,238.368847686865
41061,243.711549868655
41063,249.999821300929
41065,237.425170869668
41067,226.999077742145
41069,255.972045743329
41071,234.814422722243
42000,215.916666666667
42001,234.229802289282
42003,227.99942657468
42005,239.24405449088
42007,234.928330393435
42009,238.710693785875
42011,227.619577282398
42013,233.021405001737
42015,240.639698909436
42017,228.667548641229
42019,235.212641423059
42021,234.966904008439
42023,244.641360357266
42025,234.452561054679
42027,234.13071923373
42029,230.654307941362
42031,242.511775132945
42033,239.299639777317
42035,239.766620214772
42037,235.989049420938
42039,237.625813740787
42041,229.147998240211
42043,227.166145251397
42045,227.836666978222
42047,245.384209534577
42049,231.581633326731
42051,236.058319178193
42053,246.364331599878
42055,231.758955635161
42057,242.811546967757
42059,244.39500162285
42061,240.68474290531
42063,239.363434610304
42065,240.973941368078
42067,238.500390243902
42069,230.893282594308
42071,227.486515483002
42073,237.793663688059
42075,229.049091909741
42077,227.194774829725
42079,229.198618402874
42081,235.37888171282
42083,244.365491038242
42085,236.426160537014
42087,236.445901876948
42089,230.831706736491
42091,227.566851543723
42093,237.671065259117
42095,229.647321903951
42097,233.82461173212
42099,235.616879795396
42101,222.424608583533
42103,234.186763881099
42105,247.747540099744
42107,233.983114233908
42109,236.149541909593
42111,237.513146216996
42113,247.578106367756
42115,243.690571328426
42117,243.251766591389
42119,234.787413901064
42121,239.877708333333
42123,243.582979058416
42125,235.011838530211
42127,238.06375303093
42129,232.952568231009
42131,244.498208511754
42133,229.640682177547
44000,213.4375
44001,234.392651494379
44003,231.209604621773
44005,233.440854010387
44007,227.507598225165
44009,234.500562429696
45000,241.170731707317
45001,242.985995850622
45003,237.706607958041
45005,242.714804722979
45007,235.520420247168
45009,244.491449920966
45011,244.42656782208
45013,234.548824872
45015,235.493011170181
45017,245.387886597938
45019,231.482259463902
45021,242.096374204262
45023,241.52367058137
45025,241.833195653555
45027,242.527687296417
45029,243.492077804972
45031,239.456976620049
45033,239.069384215091
45035,238.13718655522
45037,245.816556077035
45039,242.928664297478
45041,236.651744568795
45043,239.593709170094
45045,230.80533261625
45047,239.188453500522
45049,243.925883952856
45051,232.310778761919
45053,238.391981560383
45055,240.594300492851
45057,238.43543814433
45059,240.74574227581
45061,243.562463135543
45063,235.06328013096
45065,244.792534852346
45067,240.365151766462
45069,240.67342876102
45071,244.532293841336
45073,241.052487838184
45075,238.896965010632
45077,238.225747546222
45079,231.583268764528
45081,247.194628260023
45083,233.7054607423
45085,237.6303904853
45087,244.2209181012
45089,242.640402075227
45091,235.336742596203
46000,246.586538461538
46003,248.40015754234
46005,242.997567191844
46007,250.675862068966
46009,245.653735948865
46011,241.818249937557
46013,239.725508106874
46015,247.203222453222
46017,241.578044596913
46019,248.495718363463
46021,256.056451612903
46023,245.731902439024
46025,252.74621089971
46027,241.335557673975
46029,240.922235178043
46031,247.257142857143
46033,248.924838362069
46035,239.90872577568
46037,247.588791512915
46039,249.220273972603
46041,250.569786096257
46043,246.628676470588
46045,247.140115747792
46047,248.559278761768
46049,253.433623782676
46051,245.850734094617
46053,246.84844592859
46055,261.083180147059
46057,243.770207080828
46059,254.084956346541
46061,246.725096525097
46063,267.461398176292
46065,242.21998837885
46067,244.107766059444
46069,255.129209621993
46071,253.628186628187
46073,253.746212121212
46075,260.884863123994
46077,249.551263710062
46079,244.822408879556
46081,243.295366795367
46083,237.668582589286
46085,249.887508626639
46087,245.316347237881
46089,249.910370717973
46091,251.48132780083
46093,242.69756061934
46095,252.87176325524
46097,248.786541889483
46099,231.310786386055
46101,245.076067165689
46102,242.48855377907
46103,234.681182013441
46105,253.00956937799
46107,256.778934721666
46109,243.61851512374
46111,252.275214373214
46115,249.739222118088
46117,255.567122327375
46119,259.036950146628
46121,239.192410605692
46123,251.71200750469
46125,242.74309484193
46127,243.526836613962
46129,248.353719008264
46135,241.93240518483
46137,251.285454545455
47000,245.290322580645
47001,240.372763511634
47003,243.700224228138
47005,246.775389755011
47007,246.127738537053
47009,238.237336155107
47011,238.255491664253
47013,244.435088707406
47015,247.889286538906
47017,246.537472845764
47019,238.479222704068
47021,243.387964071856
47023,246.139977603583
47025,246.284071484071
47027,247.100399419027
47029,242.370451736922
47031,241.114296553219
47033,249.344967192517
47035,241.503488080301
47037,230.859562164395
47039,248.952188854027
47041,245.106640219137
47043,244.096590254579
47045,246.415669298022
47047,244.372864258243
47049,245.65826787718
47051,244.603328100471
47053,244.225937672366
47055,247.029702223897
47057,246.281377653184
47059,239.941473410636
47061,245.860927960928
47063,240.256412968742
47065,233.926554612526
47067,249.17488594395
47069,244.750076883649
47071,246.371143135001
47073,242.886812873825
47075,246.386458589334
47077,246.022077806463
47079,245.344963067735
47081,247.490801866033
47083,251.690862666423
47085,248.20231042654
47087,246.970861486486
47089,242.528308189055
47091,244.038136047134
47093,232.765795156918
47095,249.097435897436
47097,247.366226394498
47099,246.640101418488
47101,246.966076294278
47103,247.191765660739
47105,241.746751253453
47107,242.991492437722
47109,247.175181142805
47111,247.060080106809
47113,239.613240578642
47115,244.611881330364
47117,246.240158928703
47119,241.449058761076
47121,246.065741070369
47123,243.874740402302
47125,238.218146718147
47127,250.303156640858
47129,247.017660910518
47131,246.958252598203
47133,247.056552626659
47135,248.597360852648
47137,248.570984915705
47139,246.265760815266
47141,240.554323400098
47143,241.70228022372
47145,242.66634758562
47147,243.162173976395
47149,237.177628016126
47151,247.013530991941
47153,244.958543473875
47155,237.010066725807
47157,229.879673070799
47159,247.775246772969
47161,250.038002980626
47163,235.000919055075
47165,239.327712790248
47167,244.421791996222
47169,249.062587575899
47171,241.842583979328
47173,247.245844530706
47175,247.55938937683
47177,244.596027818644
47179,235.67104435648
47181,249.404531946508
47183,245.931280445372
47185,245.232144335016
47187,238.953154667414
47189,240.958240344971
48000,248.457843137255
48001,248.663155691964
48003,255.744178662151
48005,244.779074487518
48007,247.533417974064
48009,256.077794951056
48011,258.811924119241
48013,249.533665029723
48015,250.626507840772
48017,258.093523600439
48019,250.140328482682
48021,241.551837582789
48023,260.351663747811
48025,251.778430549727
48027,237.275908048429
48029,231.536859534262
48031,253.651934363397
48033,267.361635220126
48035,252.627334290991
48037,242.682442373713
48039,239.212602754791
48041,238.72926640383
48043,250.845524761472
48045,263.503664223851
48047,258.634347601857
48049,249.052791351992
48051,254.848400257677
48053,246.1506377695
48055,243.959537190083
48057,251.086671447598
48059,253.722555910543
48061,235.793947839936
48063,251.726115521489
48065,256.592086181894
48067,251.240540975688
48069,257.575163398693
48071,250.791302538494
48073,248.289201756652
48075,254.348630831643
48077,255.952596927579
48079,258.140583554377
48081,260.314358230602
48083,258.157941754511
48085,233.991007942324
48087,261.61288981289
48089,252.346725057121
48091,240.715599896346
48093,257.781104801239
48095,261.433333333333
48097,249.031627667781
48099,245.597996978683
48101,265.071484681854
48103,257.5
48105,264.552463962454
48107,256.715306122449
48109,256.779103053435
48111,254.073652239939
48113,230.012796065177
48115,254.265549516908
48117,252.175349838536
48119,254.324270884825
48121,234.327928074199
48123,255.287872201695
48125,261.55353200883
48127,256.768679448128
48129,255.866927592955
48131,258.968544257498
48133,253.339110698442
48135,246.100805291918
48137,267.369716088328
48139,240.72003407155
48141,232.077654393142
48143,251.147056678095
48145,252.505000602482
48147,248.746185852982
48149,253.951963564493
48151,261.398085785183
48153,255.419392523364
48155,260.004118616145
48157,233.167644689909
48159,254.174664403641
48161,254.46097826087
48163,254.410433070866
48165,256.432785747339
48167,237.481575092627
48169,258.592908732764
48171,249.874765372776
48173,272.903623747109
48175,259.194220846233
48177,254.535043090022
48179,251.492941291014
48181,241.977969893452
48183,241.587255639098
48185,249.208508233775
48187,242.133037142349
48189,248.818603865958
48191,258.080803937654
48193,255.729369554075
48195,259.449698189135
48197,257.305630936228
48199,249.825254181699
48201,231.319625352898
48203,246.950890940318
48205,258.101946998378
48207,259.538505582594
48209,238.618690938972
48211,263.118105126541
48213,244.556728845885
48215,234.832570724625
48217,247.1187451751
48219,252.32633963751
48221,245.662953665935
48223,249.494623655914
48225,253.919061948739
48227,250.158190168396
48229,252.126315789474
48231,241.756867825077
48233,252.270115473441
48235,269.022153846154
48237,260.370988684845
48239,255.786349771225
48241,250.383282034667
48243,258.039545229857
48245,239.411969035331
48247,260.881970578173
48249,253.391844973759
48251,240.92644320298
48253,253.86894447834
48255,259.474411974341
48257,240.343124733929
48259,246.936826066573
48261,266.782016348774
48263,264.200514138817
48265,244.317556079636
48267,262.753211831491
48269,272.70479704797
48271,255.897792313982
48273,250.560638927233
48275,260.765712160655
48277,247.788019287834
48279,252.919180421172
48281,250.416377895313
48283,259.451730418944
48285,256.081614169266
48287,255.62764486975
48289,256.50791744021
48291,245.644571545297
48293,250.703087649402
48295,260.484144542773
48297,258.631161561188
48299,249.426354595336
48301,275.652542372881
48303,238.575736226575
48305,257.709248973678
48307,257.702018278751
48309,238.370709029894
48311,269.696312364425
48313,254.98730566253
48315,249.588758859403
48317,263.669154228856
48319,263.923871669386
48321,249.882154618159
48323,242.624915779545
48325,248.054584092289
48327,266.139779798947
48329,245.661692369051
48331,252.099252269895
48333,261.36847767617
48335,258.01321786691
48337,252.590056818182
48339,236.512072007683
48341,250.057115839243
48343,251.04435718441
48345,264.266211604096
48347,247.121755179805
48349,246.310903111561
48351,255.015717991759
48353,253.128225915417
48355,238.732342642412
48357,256.571009293983
48359,257.202525724977
48361,246.129552373436
48363,250.370535714286
48365,253.916175632009
48367,243.8998813512
48369,253.977822580645
48371,256.123722288597
48373,245.53112288919
48375,239.573957605404
48377,254.035671819263
48379,252.194585680912
48381,242.976709756626
48383,265.74091233072
48385,259.329446935725
48387,254.630092779347
48389,256.896506740107
48391,257.983919136228
48393,263.11038961039
48395,254.669796380091
48397,240.515265670857
48399,256.920332355816
48401,250.523161811882
48403,255.731576378721
48405,254.192454998085
48407,249.164143763214
48409,247.824976624591
48411,261.555662418851
48413,263.937945492662
48415,255.125062468766
48417,263.266458766459
48419,252.930543775327
48421,258.94387755102
48423,237.460432305327
48425,252.669164540816
48427,249.666881998277
48429,256.809782608696
48431,264.791415662651
48433,264.245120999219
48435,266.467111534795
48437,253.332474226804
48439,232.590310890711
48441,242.312280969069
48443,260.324736225088
48445,253.097065462754
48447,265.367605633803
48449,247.097563053851
48451,244.52548126504
48453,231.802536942592
48455,252.673565261554
48457,252.427064007421
48459,248.432624612785
48461,262.907719928187
48463,250.98175787728
48465,244.473423814936
48467,246.985077236957
48469,245.698673845847
48471,246.05968502972
48473,245.806953392536
48475,258.030636177074
48477,248.559844995247
48479,237.609546831909
48481,250.290311198927
48483,260.862095730918
48485,239.887081339713
48487,251.919648009233
48489,250.172551101672
48491,236.604573393307
48493,249.873674242424
48495,259.623093681917
48497,248.453756532579
48499,248.205257517494
48501,258.269466641888
48503,252.935149694396
48505,254.890832523486
48507,251.660684551341
49000,243.168103448276
49001,251.206373815676
49003,241.342944472746
49005,238.043948420795
49007,243.827499783943
49009,256.033623188406
49011,233.939703327542
49013,250.734225291325
49015,248.934904902223
49017,250.686084142395
49019,236.485563289508
49021,242.919215646224
49023,245.391104108593
49025,246.665312264861
49027,244.996482356821
49029,241.720387872837
49031,250.316934230968
49033,251.910383597884
49035,228.997008494017
49037,247.390894175554
49039,242.433503193856
49041,247.305167958656
49043,238.265017486114
49045,238.561783848199
49047,248.737284052584
49049,232.086681217989
49051,240.422383833183
49053,236.759150866777
49055,255.03682111077
49057,235.212350054526
50000,243.186046511628
50001,239.79674986393
50003,239.250865800866
50005,241.011224583678
50007,230.49925096586
50009,249.272165966905
50011,240.914289613757
50013,242.459787273745
50015,239.573223362424
50017,242.542297417631
50019,241.950362625977
50021,238.495501138952
50023,237.651511270492
50025,238.199746142027
50027,239.330800313612
51000,220.134020618557
51001,237.606515246232
51003,234.433157523153
51005,245.188060405852
51007,243.815810366338
51009,240.589325591782
51011,243.690582959641
51013,230.370790527944
51015,237.878613496381
51017,250.360059760956
51019,238.482958199357
51021,248.431618293755
51023,240.601572306269
51025,241.928540161961
51027,248.851448885059
51029,242.541936902275
51031,237.778984144047
51033,239.91598119859
51035,243.656560981254
51036,243.269936657463
51037,244.641537625645
51041,231.742637516222
51043,242.240804778372
51045,250.294801641587
51047,238.758250735214
51049,243.145639534884
51051,247.760781671159
51053,241.963069471772
51057,241.963115280812
51059,226.774284725427
51061,236.681647285127
51063,241.571635460846
51065,239.978992944195
51067,238.562088500995
51069,236.575604663303
51071,241.374429223744
51073,239.506839365694
51075,241.422077457227
51077,245.384827091061
51079,239.559402121504
51081,242.232818327118
51083,239.796461990301
51085,235.968373002934
51087,229.55625386359
51089,239.547759738397
51091,253.896523178808
51093,241.465550387597
51095,236.130897138438
51097,245.283282565848
51099,240.726421086059
51101,243.945225541886
51103,239.526194735497
51105,245.829177828148
51107,231.328313650894
51109,239.445312966167
51111,243.302027200411
51113,244.073765819177
51115,245.723248314277
51117,242.085246370593
51119,241.701574702343
51121,235.861327364733
51125,244.098353909465
51127,242.821085995496
51131,241.407346629639
51133,241.411580267559
51135,241.502653799759
51137,240.867988966242
51139,240.752286649325
51141,243.66239565133
51143,240.379857415403
51145,241.828388188033
51147,239.708189040538
51149,241.026236619324
51153,230.284875
51155,241.358696453587
51157,246.587090334387
51159,243.333615723484
51161,234.013378636653
51163,242.937532716803
51165,236.782539260048
51167,246.531624383369
51169,245.599539585627
51171,237.74207656821
51173,241.734710675776
51175,244.156385841441
51177,235.304828616129
51179,235.126078227246
51181,244.556415332014
51183,243.107142857143
51185,242.910808767952
51187,237.208659947742
51191,239.883480825959
51193,238.471088746569
51195,243.109383631915
51197,242.776111066784
51199,236.477657782622
51510,229.720029173124
51520,237.200464096945
51530,240.916751269036
51540,229.860419047619
51550,232.48687108741
51570,238.163175046555
51580,241.832552693208
51590,232.300801673057
51595,235.633181559476
51600,230.063084352204
51610,231.170070304654
51620,234.561135371179
51630,233.254333183655
51640,239.857267759563
51650,230.912699032157
51660,228.92223198594
51670,236.255895988712
51678,233.343106674984
51680,231.239433729996
51683,228.954045954046
51685,228.98171414355
51690,234.104359313078
51700,230.748546002382
51710,228.763763132158
51720,243.976851851852
51730,232.819275053305
51735,242.045364369792
51740,232.719217544838
51750,236.081745912704
51760,227.183059587471
51770,230.476610365955
51775,233.396278192265
51790,235.350655260284
51800,237.308394786486
51810,230.145893946504
51820,234.00105973025
51830,232.063611156418
51840,232.477174275242
53000,240.406844106464
53001,240.940735112546
53003,244.263876780006
53005,234.464206902639
53007,236.15574288725
53009,231.539755674853
53011,228.014101107944
53013,251.558518102722
53015,234.80704945992
53017,241.825381306218
53019,251.17145938174
53021,236.486162510056
53023,253.883017163505
53025,238.79618823886
53027,234.268135458519
53029,233.748740503798
53031,231.578531864774
53033,223.595637931749
53035,229.612251259937
53037,240.962415953106
53039,238.496719932717
53041,235.781743447827
53043,248.035340965655
53045,235.712763596004
53047,240.030808138867
53049,239.401707336716
53051,245.518543267624
53053,227.143366970219
53055,230.115519049283
53057,231.130008703781
53059,240.378335324572
53061,226.850480962657
53063,231.05241745283
53065,240.06151758453
53067,228.711838200454
53069,246.888997316419
53071,237.426084710744
53073,228.786364242829
53075,241.725473505001
53077,235.084425841099
54000,254.803571428571
54001,249.020191748983
54003,236.779650136415
54005,248.054698826941
54007,251.810262713166
54009,242.810037130195
54011,237.528927758228
54013,253.878394616679
54015,251.948370715193
54017,250.493805309735
54019,243.028175856206
54021,252.675065616798
54023,250.629983574735
54025,243.961141325767
54027,244.369636963696
54029,242.049301397206
54031,248.657233502538
54033,240.920874728117
54035,246.219340054995
54037,238.395539196836
54039,236.431810118499
54041,247.59462571977
54043,249.651340996169
54045,246.635655041471
54047,249.178134773955
54049,241.437242150899
54051,246.384974577151
54053,246.994503785129
54055,242.14498301945
54057,244.05112960761
54059,246.942606184575
54061,238.543258697162
54063,248.51488939308
54065,241.218251435865
54067,247.210686095932
54069,237.32412838058
54071,252.451690338068
54073,251.442913385827
54075,251.283679970021
54077,248.78577990079
54079,242.032877054816
54081,240.038994651176
54083,245.363407996651
54085,253.276305970149
54087,252.308307418925
54089,249.078371907422
54091,247.738285074836
54093,252.760844617856
54095,252.367958115183
54097,246.476581576027
54099,244.440958023867
54101,252.122795266801
54103,249.158801389693
54105,252.202224173251
54107,239.608227947736
54109,247.719351570415
55000,250.115942028986
55001,239.156861010351
55003,238.691106072058
55005,238.220505162002
55007,241.711392405063
55009,229.83745214062
55011,242.479009402728
55013,240.677048652132
55015,235.5732492276
55017,236.683270727857
55019,237.500079465989
55021,236.283056194193
55023,241.952860741274
55025,227.265779642131
55027,235.454153874353
55029,235.670033670034
55031,236.941274817137
55033,238.043514297555
55035,231.815443261587
55037,246.609363008442
55039,233.475822214668
55041,247.159340659341
55043,240.314261258889
55045,239.914119259767
55047,240.41951516381
55049,240.820531357311
55051,244.545358649789
55053,241.569058524173
55055,233.380106172395
55057,239.220102214651
55059,230.653610426206
55061,241.124342371509
55063,231.890315744861
55065,244.8672427337
55067,241.925692695214
55069,240.12197632527
55071,234.42855074562
55073,234.652110345889
55075,238.451816210355
55077,239.676332202648
55078,237.606346483705
55079,224.72168843373
55081,238.779071297027
55083,239.653894472362
55085,238.292154847551
55087,231.774682628429
55089,232.654196295122
55091,244.077722129475
55093,238.691695743196
55095,237.753620426829
55097,238.112904044248
55099,243.710306042375
55101,230.628584374393
55103,240.029632114503
55105,233.689549216104
55107,241.225233521905
55109,237.401403787578
55111,236.220283257461
55113,240.156690522663
55115,238.779857705326
55117,231.340868182008
55119,242.216371681416
55121,239.987558571659
55123,238.065219227845
55125,241.870236696324
55127,233.820672009632
55129,241.636752605595
55131,231.902995132909
55133,228.779294704615
55135,237.835179468555
55137,239.489927816015
55139,229.312885686647
55141,237.477478839178
56000,248.846153846154
56001,243.412801022945
56003,251.154921236527
56005,247.359330846615
56007,255.098355226846
56009,253.771174016014
56011,255.53117705902
56013,244.943499585961
56015,250.414634146341
56017,252.71869510665
56019,255.460847044485
56021,238.933736905064
56023,250.729443463718
56025,243.354953820319
56027,259.098282061526
56029,247.398612811098
56031,252.92413398225
56033,245.925694200352
56035,259.690674190674
56037,246.669472641743
56039,237.61549186677
56041,249.039444850256
56043,253.509765940274
56045,255.702002145156
